[{"created_at":"Sat Aug 03 15:39:06 +0000 2013","id":363685465569767424,"id_str":"363685465569767424","text":"Just downloaded the Slate collection of stylized Apple product templates by @bbg! #H2TY http:\/\/t.co\/vJGT4QNXxO","source":"\u003ca href=\"http:\/\/www.paywithatweet.com\" rel=\"nofollow\"\u003ePay with a Tweet\u003c\/a\u003e","truncated":false,"in_reply_to_status_id":null,"in_reply_to_status_id_str":null,"in_reply_to_user_id":null,"in_reply_to_user_id_str":null,"in_reply_to_screen_name":null,"user":{"id":792356948,"id_str":"792356948","name":"Rem Tsoy","screen_name":"remtsoy","location":"","description":"Just another web designer.","url":null,"entities":{"description":{"urls":[]}},"protected":false,"followers_count":20,"friends_count":370,"listed_count":0,"created_at":"Thu Aug 30 20:40:26 +0000 2012","favourites_count":123,"utc_offset":14400,"time_zone":"Moscow","geo_enabled":false,"verified":false,"statuses_count":20,"lang":"ru","contributors_enabled":false,"is_translator":false,"profile_background_color":"C0DEED","profile_background_image_url":"http:\/\/abs.twimg.com\/images\/themes\/theme1\/bg.png","profile_background_image_url_https":"https:\/\/abs.twimg.com\/images\/themes\/theme1\/bg.png","profile_background_tile":false,"profile_image_url":"http:\/\/a0.twimg.com\/profile_images\/2562890171\/siu0xag5llma5invxtws_normal.jpeg","profile_image_url_https":"https:\/\/si0.twimg.com\/profile_images\/2562890171\/siu0xag5llma5invxtws_normal.jpeg","profile_link_color":"0084B4","profile_sidebar_border_color":"C0DEED","profile_sidebar_fill_color":"DDEEF6","profile_text_color":"333333","profile_use_background_image":true,"default_profile":true,"default_profile_image":false,"following":false,"follow_request_sent":false,"notifications":false},"geo":null,"coordinates":null,"place":null,"contributors":null,"retweet_count":0,"favorite_count":0,"entities":{"hashtags":[{"text":"H2TY","indices":[82,87]}],"symbols":[],"urls":[{"url":"http:\/\/t.co\/vJGT4QNXxO","expanded_url":"http:\/\/bit.ly\/ZwDcEc","display_url":"bit.ly\/ZwDcEc","indices":[88,110]}],"user_mentions":[{"screen_name":"bbg","name":"Bright Bright Great","id":54742194,"id_str":"54742194","indices":[76,80]}]},"favorited":false,"retweeted":false,"possibly_sensitive":false,"lang":"en"},{"created_at":"Sun Jul 14 23:21:07 +0000 2013","id":356553978525384704,"id_str":"356553978525384704","text":"RT @MrAlanCooper: The best way to serve billions of users is to design for just one user.","source":"web","truncated":false,"in_reply_to_status_id":null,"in_reply_to_status_id_str":null,"in_reply_to_user_id":null,"in_reply_to_user_id_str":null,"in_reply_to_screen_name":null,"user":{"id":792356948,"id_str":"792356948","name":"Rem Tsoy","screen_name":"remtsoy","location":"","description":"Just another web designer.","url":null,"entities":{"description":{"urls":[]}},"protected":false,"followers_count":20,"friends_count":370,"listed_count":0,"created_at":"Thu Aug 30 20:40:26 +0000 2012","favourites_count":123,"utc_offset":14400,"time_zone":"Moscow","geo_enabled":false,"verified":false,"statuses_count":20,"lang":"ru","contributors_enabled":false,"is_translator":false,"profile_background_color":"C0DEED","profile_background_image_url":"http:\/\/abs.twimg.com\/images\/themes\/theme1\/bg.png","profile_background_image_url_https":"https:\/\/abs.twimg.com\/images\/themes\/theme1\/bg.png","profile_background_tile":false,"profile_image_url":"http:\/\/a0.twimg.com\/profile_images\/2562890171\/siu0xag5llma5invxtws_normal.jpeg","profile_image_url_https":"https:\/\/si0.twimg.com\/profile_images\/2562890171\/siu0xag5llma5invxtws_normal.jpeg","profile_link_color":"0084B4","profile_sidebar_border_color":"C0DEED","profile_sidebar_fill_color":"DDEEF6","profile_text_color":"333333","profile_use_background_image":true,"default_profile":true,"default_profile_image":false,"following":false,"follow_request_sent":false,"notifications":false},"geo":null,"coordinates":null,"place":null,"contributors":null,"retweeted_status":{"created_at":"Sun Jul 14 21:07:21 +0000 2013","id":356520313346994178,"id_str":"356520313346994178","text":"The best way to serve billions of users is to design for just one user.","source":"\u003ca href=\"http:\/\/www.tweetdeck.com\" rel=\"nofollow\"\u003eTweetDeck\u003c\/a\u003e","truncated":false,"in_reply_to_status_id":null,"in_reply_to_status_id_str":null,"in_reply_to_user_id":null,"in_reply_to_user_id_str":null,"in_reply_to_screen_name":null,"user":{"id":103920270,"id_str":"103920270","name":"Alan Cooper","screen_name":"MrAlanCooper","location":"San Francisco CA, Petaluma CA","description":"Software Alchemist. President of Cooper, 'Father of Visual Basic,' inventor of design personas, produced 'the first serious business software' for PCs","url":"http:\/\/t.co\/UIY9E6IUcD","entities":{"url":{"urls":[{"url":"http:\/\/t.co\/UIY9E6IUcD","expanded_url":"http:\/\/www.cooper.com","display_url":"cooper.com","indices":[0,22]}]},"description":{"urls":[]}},"protected":false,"followers_count":12437,"friends_count":588,"listed_count":960,"created_at":"Mon Jan 11 17:46:12 +0000 2010","favourites_count":3370,"utc_offset":-25200,"time_zone":"Pacific Time (US & Canada)","geo_enabled":true,"verified":false,"statuses_count":18207,"lang":"en","contributors_enabled":false,"is_translator":false,"profile_background_color":"C0DEED","profile_background_image_url":"http:\/\/a0.twimg.com\/profile_background_images\/66452484\/Moog_Modular_Synthesizer_1.jpg","profile_background_image_url_https":"https:\/\/si0.twimg.com\/profile_background_images\/66452484\/Moog_Modular_Synthesizer_1.jpg","profile_background_tile":true,"profile_image_url":"http:\/\/a0.twimg.com\/profile_images\/1470274107\/Alan_Avatar_normal.jpg","profile_image_url_https":"https:\/\/si0.twimg.com\/profile_images\/1470274107\/Alan_Avatar_normal.jpg","profile_banner_url":"https:\/\/pbs.twimg.com\/profile_banners\/103920270\/1358185123","profile_link_color":"0084B4","profile_sidebar_border_color":"C0DEED","profile_sidebar_fill_color":"DDEEF6","profile_text_color":"333333","profile_use_background_image":true,"default_profile":false,"default_profile_image":false,"following":null,"follow_request_sent":false,"notifications":null},"geo":null,"coordinates":null,"place":null,"contributors":null,"retweet_count":40,"favorite_count":22,"entities":{"hashtags":[],"symbols":[],"urls":[],"user_mentions":[]},"favorited":false,"retweeted":false,"lang":"en"},"retweet_count":40,"favorite_count":0,"entities":{"hashtags":[],"symbols":[],"urls":[],"user_mentions":[{"screen_name":"MrAlanCooper","name":"Alan Cooper","id":103920270,"id_str":"103920270","indices":[3,16]}]},"favorited":false,"retweeted":false,"lang":"en"},{"created_at":"Fri Oct 19 05:06:43 +0000 2012","id":259158615552823297,"id_str":"259158615552823297","text":"My first web template to sale.http:\/\/t.co\/zCbLWC8M","source":"web","truncated":false,"in_reply_to_status_id":null,"in_reply_to_status_id_str":null,"in_reply_to_user_id":null,"in_reply_to_user_id_str":null,"in_reply_to_screen_name":null,"user":{"id":792356948,"id_str":"792356948","name":"Rem Tsoy","screen_name":"remtsoy","location":"","description":"Just another web designer.","url":null,"entities":{"description":{"urls":[]}},"protected":false,"followers_count":20,"friends_count":370,"listed_count":0,"created_at":"Thu Aug 30 20:40:26 +0000 2012","favourites_count":123,"utc_offset":14400,"time_zone":"Moscow","geo_enabled":false,"verified":false,"statuses_count":20,"lang":"ru","contributors_enabled":false,"is_translator":false,"profile_background_color":"C0DEED","profile_background_image_url":"http:\/\/abs.twimg.com\/images\/themes\/theme1\/bg.png","profile_background_image_url_https":"https:\/\/abs.twimg.com\/images\/themes\/theme1\/bg.png","profile_background_tile":false,"profile_image_url":"http:\/\/a0.twimg.com\/profile_images\/2562890171\/siu0xag5llma5invxtws_normal.jpeg","profile_image_url_https":"https:\/\/si0.twimg.com\/profile_images\/2562890171\/siu0xag5llma5invxtws_normal.jpeg","profile_link_color":"0084B4","profile_sidebar_border_color":"C0DEED","profile_sidebar_fill_color":"DDEEF6","profile_text_color":"333333","profile_use_background_image":true,"default_profile":true,"default_profile_image":false,"following":false,"follow_request_sent":false,"notifications":false},"geo":null,"coordinates":null,"place":null,"contributors":null,"retweet_count":0,"favorite_count":0,"entities":{"hashtags":[],"symbols":[],"urls":[{"url":"http:\/\/t.co\/zCbLWC8M","expanded_url":"http:\/\/themeforest.net\/item\/night-life-bootstrap-responsive-dark-template\/3231658?sso?WT.ac=category_item&WT.seg_1=category_item&WT.z_author=Tsoy","display_url":"themeforest.net\/item\/night-lif\u2026","indices":[30,50]}],"user_mentions":[]},"favorited":false,"retweeted":false,"possibly_sensitive":false,"lang":"en"},{"created_at":"Tue Oct 09 21:05:41 +0000 2012","id":255776066596139008,"id_str":"255776066596139008","text":"RT 10 Free Backgrounds via @IconDeposit -  http:\/\/t.co\/sWdMGVVP","source":"\u003ca href=\"http:\/\/twitter.com\/tweetbutton\" rel=\"nofollow\"\u003eTweet Button\u003c\/a\u003e","truncated":false,"in_reply_to_status_id":null,"in_reply_to_status_id_str":null,"in_reply_to_user_id":null,"in_reply_to_user_id_str":null,"in_reply_to_screen_name":null,"user":{"id":792356948,"id_str":"792356948","name":"Rem Tsoy","screen_name":"remtsoy","location":"","description":"Just another web designer.","url":null,"entities":{"description":{"urls":[]}},"protected":false,"followers_count":20,"friends_count":370,"listed_count":0,"created_at":"Thu Aug 30 20:40:26 +0000 2012","favourites_count":123,"utc_offset":14400,"time_zone":"Moscow","geo_enabled":false,"verified":false,"statuses_count":20,"lang":"ru","contributors_enabled":false,"is_translator":false,"profile_background_color":"C0DEED","profile_background_image_url":"http:\/\/abs.twimg.com\/images\/themes\/theme1\/bg.png","profile_background_image_url_https":"https:\/\/abs.twimg.com\/images\/themes\/theme1\/bg.png","profile_background_tile":false,"profile_image_url":"http:\/\/a0.twimg.com\/profile_images\/2562890171\/siu0xag5llma5invxtws_normal.jpeg","profile_image_url_https":"https:\/\/si0.twimg.com\/profile_images\/2562890171\/siu0xag5llma5invxtws_normal.jpeg","profile_link_color":"0084B4","profile_sidebar_border_color":"C0DEED","profile_sidebar_fill_color":"DDEEF6","profile_text_color":"333333","profile_use_background_image":true,"default_profile":true,"default_profile_image":false,"following":false,"follow_request_sent":false,"notifications":false},"geo":null,"coordinates":null,"place":null,"contributors":null,"retweet_count":0,"favorite_count":0,"entities":{"hashtags":[],"symbols":[],"urls":[{"url":"http:\/\/t.co\/sWdMGVVP","expanded_url":"http:\/\/www.icondeposit.com\/design:116","display_url":"icondeposit.com\/design:116","indices":[43,63]}],"user_mentions":[{"screen_name":"IconDeposit","name":"Icon Deposit","id":234874939,"id_str":"234874939","indices":[27,39]}]},"favorited":false,"retweeted":false,"possibly_sensitive":false,"lang":"en"},{"created_at":"Sat Oct 06 23:05:23 +0000 2012","id":254719027044306944,"id_str":"254719027044306944","text":"RT @jmspool: Making stuff up makes having a crib sheet irrelevant.","source":"web","truncated":false,"in_reply_to_status_id":null,"in_reply_to_status_id_str":null,"in_reply_to_user_id":null,"in_reply_to_user_id_str":null,"in_reply_to_screen_name":null,"user":{"id":792356948,"id_str":"792356948","name":"Rem Tsoy","screen_name":"remtsoy","location":"","description":"Just another web designer.","url":null,"entities":{"description":{"urls":[]}},"protected":false,"followers_count":20,"friends_count":370,"listed_count":0,"created_at":"Thu Aug 30 20:40:26 +0000 2012","favourites_count":123,"utc_offset":14400,"time_zone":"Moscow","geo_enabled":false,"verified":false,"statuses_count":20,"lang":"ru","contributors_enabled":false,"is_translator":false,"profile_background_color":"C0DEED","profile_background_image_url":"http:\/\/abs.twimg.com\/images\/themes\/theme1\/bg.png","profile_background_image_url_https":"https:\/\/abs.twimg.com\/images\/themes\/theme1\/bg.png","profile_background_tile":false,"profile_image_url":"http:\/\/a0.twimg.com\/profile_images\/2562890171\/siu0xag5llma5invxtws_normal.jpeg","profile_image_url_https":"https:\/\/si0.twimg.com\/profile_images\/2562890171\/siu0xag5llma5invxtws_normal.jpeg","profile_link_color":"0084B4","profile_sidebar_border_color":"C0DEED","profile_sidebar_fill_color":"DDEEF6","profile_text_color":"333333","profile_use_background_image":true,"default_profile":true,"default_profile_image":false,"following":false,"follow_request_sent":false,"notifications":false},"geo":null,"coordinates":null,"place":null,"contributors":null,"retweeted_status":{"created_at":"Sat Oct 06 20:59:47 +0000 2012","id":254687419218141184,"id_str":"254687419218141184","text":"Making stuff up makes having a crib sheet irrelevant.","source":"\u003ca href=\"http:\/\/www.tweetdeck.com\" rel=\"nofollow\"\u003eTweetDeck\u003c\/a\u003e","truncated":false,"in_reply_to_status_id":null,"in_reply_to_status_id_str":null,"in_reply_to_user_id":null,"in_reply_to_user_id_str":null,"in_reply_to_screen_name":null,"user":{"id":849101,"id_str":"849101","name":"Jared M. Spool","screen_name":"jmspool","location":"42.635976,-71.164046","description":"Exploring the boundaries of User Experience and United's Customer Service.\r\nThank you for encouraging my behavior!\r\n[Personal account. For UX only: @UIE]","url":"http:\/\/t.co\/cvlwcmyIi7","entities":{"url":{"urls":[{"url":"http:\/\/t.co\/cvlwcmyIi7","expanded_url":"http:\/\/www.uie.com\/brainsparks","display_url":"uie.com\/brainsparks","indices":[0,22]}]},"description":{"urls":[]}},"protected":false,"followers_count":36683,"friends_count":704,"listed_count":3154,"created_at":"Fri Mar 09 21:39:41 +0000 2007","favourites_count":640,"utc_offset":-14400,"time_zone":"Eastern Time (US & Canada)","geo_enabled":true,"verified":false,"statuses_count":30595,"lang":"en","contributors_enabled":false,"is_translator":false,"profile_background_color":"9AE4E8","profile_background_image_url":"http:\/\/a0.twimg.com\/profile_background_images\/275904807\/IDEA_2010.jpg","profile_background_image_url_https":"https:\/\/si0.twimg.com\/profile_background_images\/275904807\/IDEA_2010.jpg","profile_background_tile":true,"profile_image_url":"http:\/\/a0.twimg.com\/profile_images\/378800000425636475\/4cc1a8340a21c89fcfc8a2d91c74e7f6_normal.jpeg","profile_image_url_https":"https:\/\/si0.twimg.com\/profile_images\/378800000425636475\/4cc1a8340a21c89fcfc8a2d91c74e7f6_normal.jpeg","profile_banner_url":"https:\/\/pbs.twimg.com\/profile_banners\/849101\/1378255645","profile_link_color":"0000FF","profile_sidebar_border_color":"87BC44","profile_sidebar_fill_color":"E0FF92","profile_text_color":"000000","profile_use_background_image":true,"default_profile":false,"default_profile_image":false,"following":null,"follow_request_sent":false,"notifications":null},"geo":null,"coordinates":null,"place":null,"contributors":null,"retweet_count":3,"favorite_count":2,"entities":{"hashtags":[],"symbols":[],"urls":[],"user_mentions":[]},"favorited":false,"retweeted":false,"lang":"en"},"retweet_count":3,"favorite_count":0,"entities":{"hashtags":[],"symbols":[],"urls":[],"user_mentions":[{"screen_name":"jmspool","name":"Jared M. Spool","id":849101,"id_str":"849101","indices":[3,11]}]},"favorited":false,"retweeted":false,"lang":"en"},{"created_at":"Sun Sep 30 16:08:51 +0000 2012","id":252439875884826625,"id_str":"252439875884826625","text":"RT @NietzscheQuotes: Talking much about oneself can also be a means to conceal oneself.  #Nietzsche","source":"web","truncated":false,"in_reply_to_status_id":null,"in_reply_to_status_id_str":null,"in_reply_to_user_id":null,"in_reply_to_user_id_str":null,"in_reply_to_screen_name":null,"user":{"id":792356948,"id_str":"792356948","name":"Rem Tsoy","screen_name":"remtsoy","location":"","description":"Just another web designer.","url":null,"entities":{"description":{"urls":[]}},"protected":false,"followers_count":20,"friends_count":370,"listed_count":0,"created_at":"Thu Aug 30 20:40:26 +0000 2012","favourites_count":123,"utc_offset":14400,"time_zone":"Moscow","geo_enabled":false,"verified":false,"statuses_count":20,"lang":"ru","contributors_enabled":false,"is_translator":false,"profile_background_color":"C0DEED","profile_background_image_url":"http:\/\/abs.twimg.com\/images\/themes\/theme1\/bg.png","profile_background_image_url_https":"https:\/\/abs.twimg.com\/images\/themes\/theme1\/bg.png","profile_background_tile":false,"profile_image_url":"http:\/\/a0.twimg.com\/profile_images\/2562890171\/siu0xag5llma5invxtws_normal.jpeg","profile_image_url_https":"https:\/\/si0.twimg.com\/profile_images\/2562890171\/siu0xag5llma5invxtws_normal.jpeg","profile_link_color":"0084B4","profile_sidebar_border_color":"C0DEED","profile_sidebar_fill_color":"DDEEF6","profile_text_color":"333333","profile_use_background_image":true,"default_profile":true,"default_profile_image":false,"following":false,"follow_request_sent":false,"notifications":false},"geo":null,"coordinates":null,"place":null,"contributors":null,"retweeted_status":{"created_at":"Sun Sep 30 01:02:54 +0000 2012","id":252211888711147520,"id_str":"252211888711147520","text":"Talking much about oneself can also be a means to conceal oneself.  #Nietzsche","source":"\u003ca href=\"http:\/\/twitterfeed.com\" rel=\"nofollow\"\u003etwitterfeed\u003c\/a\u003e","truncated":false,"in_reply_to_status_id":null,"in_reply_to_status_id_str":null,"in_reply_to_user_id":null,"in_reply_to_user_id_str":null,"in_reply_to_screen_name":null,"user":{"id":50056496,"id_str":"50056496","name":"NietzscheQuotes","screen_name":"NietzscheQuotes","location":"","description":"","url":null,"entities":{"description":{"urls":[]}},"protected":false,"followers_count":237825,"friends_count":0,"listed_count":2634,"created_at":"Tue Jun 23 18:26:44 +0000 2009","favourites_count":1,"utc_offset":null,"time_zone":null,"geo_enabled":false,"verified":false,"statuses_count":10118,"lang":"en","contributors_enabled":false,"is_translator":false,"profile_background_color":"C0DEED","profile_background_image_url":"http:\/\/abs.twimg.com\/images\/themes\/theme1\/bg.png","profile_background_image_url_https":"https:\/\/abs.twimg.com\/images\/themes\/theme1\/bg.png","profile_background_tile":false,"profile_image_url":"http:\/\/a0.twimg.com\/profile_images\/278748917\/Nietzsche1882_normal.jpg","profile_image_url_https":"https:\/\/si0.twimg.com\/profile_images\/278748917\/Nietzsche1882_normal.jpg","profile_link_color":"0084B4","profile_sidebar_border_color":"C0DEED","profile_sidebar_fill_color":"DDEEF6","profile_text_color":"333333","profile_use_background_image":true,"default_profile":true,"default_profile_image":false,"following":null,"follow_request_sent":false,"notifications":null},"geo":null,"coordinates":null,"place":null,"contributors":null,"retweet_count":249,"favorite_count":100,"entities":{"hashtags":[{"text":"Nietzsche","indices":[68,78]}],"symbols":[],"urls":[],"user_mentions":[]},"favorited":false,"retweeted":false,"lang":"en"},"retweet_count":249,"favorite_count":0,"entities":{"hashtags":[{"text":"Nietzsche","indices":[89,99]}],"symbols":[],"urls":[],"user_mentions":[{"screen_name":"NietzscheQuotes","name":"NietzscheQuotes","id":50056496,"id_str":"50056496","indices":[3,19]}]},"favorited":false,"retweeted":false,"lang":"en"},{"created_at":"Sun Sep 30 07:35:16 +0000 2012","id":252310628759400448,"id_str":"252310628759400448","text":"RT @whale: Amazing warm illustrated video http:\/\/t.co\/UzAHxA6D","source":"web","truncated":false,"in_reply_to_status_id":null,"in_reply_to_status_id_str":null,"in_reply_to_user_id":null,"in_reply_to_user_id_str":null,"in_reply_to_screen_name":null,"user":{"id":792356948,"id_str":"792356948","name":"Rem Tsoy","screen_name":"remtsoy","location":"","description":"Just another web designer.","url":null,"entities":{"description":{"urls":[]}},"protected":false,"followers_count":20,"friends_count":370,"listed_count":0,"created_at":"Thu Aug 30 20:40:26 +0000 2012","favourites_count":123,"utc_offset":14400,"time_zone":"Moscow","geo_enabled":false,"verified":false,"statuses_count":20,"lang":"ru","contributors_enabled":false,"is_translator":false,"profile_background_color":"C0DEED","profile_background_image_url":"http:\/\/abs.twimg.com\/images\/themes\/theme1\/bg.png","profile_background_image_url_https":"https:\/\/abs.twimg.com\/images\/themes\/theme1\/bg.png","profile_background_tile":false,"profile_image_url":"http:\/\/a0.twimg.com\/profile_images\/2562890171\/siu0xag5llma5invxtws_normal.jpeg","profile_image_url_https":"https:\/\/si0.twimg.com\/profile_images\/2562890171\/siu0xag5llma5invxtws_normal.jpeg","profile_link_color":"0084B4","profile_sidebar_border_color":"C0DEED","profile_sidebar_fill_color":"DDEEF6","profile_text_color":"333333","profile_use_background_image":true,"default_profile":true,"default_profile_image":false,"following":false,"follow_request_sent":false,"notifications":false},"geo":null,"coordinates":null,"place":null,"contributors":null,"retweeted_status":{"created_at":"Sun Sep 30 03:18:38 +0000 2012","id":252246047433318400,"id_str":"252246047433318400","text":"Amazing warm illustrated video http:\/\/t.co\/UzAHxA6D","source":"\u003ca href=\"http:\/\/twitter.com\/download\/iphone\" rel=\"nofollow\"\u003eTwitter for iPhone\u003c\/a\u003e","truncated":false,"in_reply_to_status_id":null,"in_reply_to_status_id_str":null,"in_reply_to_user_id":null,"in_reply_to_user_id_str":null,"in_reply_to_screen_name":null,"user":{"id":14601788,"id_str":"14601788","name":"Matthew Smith","screen_name":"whale","location":"Greenville, South Carolina","description":"I am a designer. I speak on, write about, and do design and business. I belong to @amyclaire.","url":"http:\/\/t.co\/mie23GTApE","entities":{"url":{"urls":[{"url":"http:\/\/t.co\/mie23GTApE","expanded_url":"http:\/\/matthewsmith.cc","display_url":"matthewsmith.cc","indices":[0,22]}]},"description":{"urls":[]}},"protected":false,"followers_count":15864,"friends_count":243,"listed_count":1211,"created_at":"Wed Apr 30 15:55:14 +0000 2008","favourites_count":395,"utc_offset":-14400,"time_zone":"Eastern Time (US & Canada)","geo_enabled":true,"verified":false,"statuses_count":22039,"lang":"en","contributors_enabled":false,"is_translator":false,"profile_background_color":"302F2D","profile_background_image_url":"http:\/\/a0.twimg.com\/profile_background_images\/233327837\/desktop-revised.jpg","profile_background_image_url_https":"https:\/\/si0.twimg.com\/profile_background_images\/233327837\/desktop-revised.jpg","profile_background_tile":true,"profile_image_url":"http:\/\/a0.twimg.com\/profile_images\/1780903785\/squaredeye_336x336_normal.jpg","profile_image_url_https":"https:\/\/si0.twimg.com\/profile_images\/1780903785\/squaredeye_336x336_normal.jpg","profile_banner_url":"https:\/\/pbs.twimg.com\/profile_banners\/14601788\/1367064940","profile_link_color":"2473E4","profile_sidebar_border_color":"FFFFFF","profile_sidebar_fill_color":"F2F2F2","profile_text_color":"555555","profile_use_background_image":false,"default_profile":false,"default_profile_image":false,"following":null,"follow_request_sent":false,"notifications":null},"geo":null,"coordinates":null,"place":null,"contributors":null,"retweet_count":3,"favorite_count":3,"entities":{"hashtags":[],"symbols":[],"urls":[{"url":"http:\/\/t.co\/UzAHxA6D","expanded_url":"http:\/\/vimeo.com\/49224248","display_url":"vimeo.com\/49224248","indices":[31,51]}],"user_mentions":[]},"favorited":false,"retweeted":false,"possibly_sensitive":false,"lang":"en"},"retweet_count":3,"favorite_count":0,"entities":{"hashtags":[],"symbols":[],"urls":[{"url":"http:\/\/t.co\/UzAHxA6D","expanded_url":"http:\/\/vimeo.com\/49224248","display_url":"vimeo.com\/49224248","indices":[42,62]}],"user_mentions":[{"screen_name":"whale","name":"Matthew Smith","id":14601788,"id_str":"14601788","indices":[3,9]}]},"favorited":false,"retweeted":false,"possibly_sensitive":false,"lang":"en"},{"created_at":"Fri Sep 28 09:40:14 +0000 2012","id":251617303249170432,"id_str":"251617303249170432","text":"Some people just need a high-five... http:\/\/t.co\/6c9hCioo","source":"\u003ca href=\"http:\/\/pinterest.com\" rel=\"nofollow\"\u003ePinterest\u003c\/a\u003e","truncated":false,"in_reply_to_status_id":null,"in_reply_to_status_id_str":null,"in_reply_to_user_id":null,"in_reply_to_user_id_str":null,"in_reply_to_screen_name":null,"user":{"id":792356948,"id_str":"792356948","name":"Rem Tsoy","screen_name":"remtsoy","location":"","description":"Just another web designer.","url":null,"entities":{"description":{"urls":[]}},"protected":false,"followers_count":20,"friends_count":370,"listed_count":0,"created_at":"Thu Aug 30 20:40:26 +0000 2012","favourites_count":123,"utc_offset":14400,"time_zone":"Moscow","geo_enabled":false,"verified":false,"statuses_count":20,"lang":"ru","contributors_enabled":false,"is_translator":false,"profile_background_color":"C0DEED","profile_background_image_url":"http:\/\/abs.twimg.com\/images\/themes\/theme1\/bg.png","profile_background_image_url_https":"https:\/\/abs.twimg.com\/images\/themes\/theme1\/bg.png","profile_background_tile":false,"profile_image_url":"http:\/\/a0.twimg.com\/profile_images\/2562890171\/siu0xag5llma5invxtws_normal.jpeg","profile_image_url_https":"https:\/\/si0.twimg.com\/profile_images\/2562890171\/siu0xag5llma5invxtws_normal.jpeg","profile_link_color":"0084B4","profile_sidebar_border_color":"C0DEED","profile_sidebar_fill_color":"DDEEF6","profile_text_color":"333333","profile_use_background_image":true,"default_profile":true,"default_profile_image":false,"following":false,"follow_request_sent":false,"notifications":false},"geo":null,"coordinates":null,"place":null,"contributors":null,"retweet_count":0,"favorite_count":0,"entities":{"hashtags":[],"symbols":[],"urls":[{"url":"http:\/\/t.co\/6c9hCioo","expanded_url":"http:\/\/pinterest.com\/pin\/436145545132705542\/","display_url":"pinterest.com\/pin\/4361455451\u2026","indices":[37,57]}],"user_mentions":[]},"favorited":false,"retweeted":false,"possibly_sensitive":false,"lang":"en"},{"created_at":"Fri Sep 28 09:35:23 +0000 2012","id":251616083327459328,"id_str":"251616083327459328","text":"The World Font http:\/\/t.co\/JHNMbGHY","source":"\u003ca href=\"http:\/\/pinterest.com\" rel=\"nofollow\"\u003ePinterest\u003c\/a\u003e","truncated":false,"in_reply_to_status_id":null,"in_reply_to_status_id_str":null,"in_reply_to_user_id":null,"in_reply_to_user_id_str":null,"in_reply_to_screen_name":null,"user":{"id":792356948,"id_str":"792356948","name":"Rem Tsoy","screen_name":"remtsoy","location":"","description":"Just another web designer.","url":null,"entities":{"description":{"urls":[]}},"protected":false,"followers_count":20,"friends_count":370,"listed_count":0,"created_at":"Thu Aug 30 20:40:26 +0000 2012","favourites_count":123,"utc_offset":14400,"time_zone":"Moscow","geo_enabled":false,"verified":false,"statuses_count":20,"lang":"ru","contributors_enabled":false,"is_translator":false,"profile_background_color":"C0DEED","profile_background_image_url":"http:\/\/abs.twimg.com\/images\/themes\/theme1\/bg.png","profile_background_image_url_https":"https:\/\/abs.twimg.com\/images\/themes\/theme1\/bg.png","profile_background_tile":false,"profile_image_url":"http:\/\/a0.twimg.com\/profile_images\/2562890171\/siu0xag5llma5invxtws_normal.jpeg","profile_image_url_https":"https:\/\/si0.twimg.com\/profile_images\/2562890171\/siu0xag5llma5invxtws_normal.jpeg","profile_link_color":"0084B4","profile_sidebar_border_color":"C0DEED","profile_sidebar_fill_color":"DDEEF6","profile_text_color":"333333","profile_use_background_image":true,"default_profile":true,"default_profile_image":false,"following":false,"follow_request_sent":false,"notifications":false},"geo":null,"coordinates":null,"place":null,"contributors":null,"retweet_count":0,"favorite_count":1,"entities":{"hashtags":[],"symbols":[],"urls":[{"url":"http:\/\/t.co\/JHNMbGHY","expanded_url":"http:\/\/pinterest.com\/pin\/436145545132705541\/","display_url":"pinterest.com\/pin\/4361455451\u2026","indices":[15,35]}],"user_mentions":[]},"favorited":false,"retweeted":false,"possibly_sensitive":false,"lang":"en"},{"created_at":"Fri Sep 28 09:34:59 +0000 2012","id":251615983553355777,"id_str":"251615983553355777","text":"Dell - Badrul Rupak http:\/\/t.co\/WSnflvub","source":"\u003ca href=\"http:\/\/pinterest.com\" rel=\"nofollow\"\u003ePinterest\u003c\/a\u003e","truncated":false,"in_reply_to_status_id":null,"in_reply_to_status_id_str":null,"in_reply_to_user_id":null,"in_reply_to_user_id_str":null,"in_reply_to_screen_name":null,"user":{"id":792356948,"id_str":"792356948","name":"Rem Tsoy","screen_name":"remtsoy","location":"","description":"Just another web designer.","url":null,"entities":{"description":{"urls":[]}},"protected":false,"followers_count":20,"friends_count":370,"listed_count":0,"created_at":"Thu Aug 30 20:40:26 +0000 2012","favourites_count":123,"utc_offset":14400,"time_zone":"Moscow","geo_enabled":false,"verified":false,"statuses_count":20,"lang":"ru","contributors_enabled":false,"is_translator":false,"profile_background_color":"C0DEED","profile_background_image_url":"http:\/\/abs.twimg.com\/images\/themes\/theme1\/bg.png","profile_background_image_url_https":"https:\/\/abs.twimg.com\/images\/themes\/theme1\/bg.png","profile_background_tile":false,"profile_image_url":"http:\/\/a0.twimg.com\/profile_images\/2562890171\/siu0xag5llma5invxtws_normal.jpeg","profile_image_url_https":"https:\/\/si0.twimg.com\/profile_images\/2562890171\/siu0xag5llma5invxtws_normal.jpeg","profile_link_color":"0084B4","profile_sidebar_border_color":"C0DEED","profile_sidebar_fill_color":"DDEEF6","profile_text_color":"333333","profile_use_background_image":true,"default_profile":true,"default_profile_image":false,"following":false,"follow_request_sent":false,"notifications":false},"geo":null,"coordinates":null,"place":null,"contributors":null,"retweet_count":0,"favorite_count":0,"entities":{"hashtags":[],"symbols":[],"urls":[{"url":"http:\/\/t.co\/WSnflvub","expanded_url":"http:\/\/pinterest.com\/pin\/436145545132705540\/","display_url":"pinterest.com\/pin\/4361455451\u2026","indices":[20,40]}],"user_mentions":[]},"favorited":false,"retweeted":false,"possibly_sensitive":false,"lang":"sl"},{"created_at":"Thu Sep 20 19:04:37 +0000 2012","id":248860232380473345,"id_str":"248860232380473345","text":"RT @swissmiss: A documentary series explaining the creative process of graphic designers, illustrators and letterers? Yes, please! http: ...","source":"web","truncated":false,"in_reply_to_status_id":null,"in_reply_to_status_id_str":null,"in_reply_to_user_id":null,"in_reply_to_user_id_str":null,"in_reply_to_screen_name":null,"user":{"id":792356948,"id_str":"792356948","name":"Rem Tsoy","screen_name":"remtsoy","location":"","description":"Just another web designer.","url":null,"entities":{"description":{"urls":[]}},"protected":false,"followers_count":20,"friends_count":370,"listed_count":0,"created_at":"Thu Aug 30 20:40:26 +0000 2012","favourites_count":123,"utc_offset":14400,"time_zone":"Moscow","geo_enabled":false,"verified":false,"statuses_count":20,"lang":"ru","contributors_enabled":false,"is_translator":false,"profile_background_color":"C0DEED","profile_background_image_url":"http:\/\/abs.twimg.com\/images\/themes\/theme1\/bg.png","profile_background_image_url_https":"https:\/\/abs.twimg.com\/images\/themes\/theme1\/bg.png","profile_background_tile":false,"profile_image_url":"http:\/\/a0.twimg.com\/profile_images\/2562890171\/siu0xag5llma5invxtws_normal.jpeg","profile_image_url_https":"https:\/\/si0.twimg.com\/profile_images\/2562890171\/siu0xag5llma5invxtws_normal.jpeg","profile_link_color":"0084B4","profile_sidebar_border_color":"C0DEED","profile_sidebar_fill_color":"DDEEF6","profile_text_color":"333333","profile_use_background_image":true,"default_profile":true,"default_profile_image":false,"following":false,"follow_request_sent":false,"notifications":false},"geo":null,"coordinates":null,"place":null,"contributors":null,"retweeted_status":{"created_at":"Thu Sep 20 17:49:40 +0000 2012","id":248841371333562368,"id_str":"248841371333562368","text":"A documentary series explaining the creative process of graphic designers, illustrators and letterers? Yes, please! http:\/\/t.co\/H1Ddn6JV","source":"\u003ca href=\"http:\/\/itunes.apple.com\/us\/app\/twitter\/id409789998?mt=12\" rel=\"nofollow\"\u003eTwitter for Mac\u003c\/a\u003e","truncated":false,"in_reply_to_status_id":null,"in_reply_to_status_id_str":null,"in_reply_to_user_id":null,"in_reply_to_user_id_str":null,"in_reply_to_screen_name":null,"user":{"id":1504011,"id_str":"1504011","name":"Tina Roth Eisenberg","screen_name":"swissmiss","location":"Brooklyn, NY","description":"I am a Swiss designer gone NYC. The internet makes me happy! I created @teuxdeux, @creativemorning, @studiomates and @tattly.","url":"http:\/\/t.co\/HnAdOFl6Ov","entities":{"url":{"urls":[{"url":"http:\/\/t.co\/HnAdOFl6Ov","expanded_url":"http:\/\/www.swiss-miss.com","display_url":"swiss-miss.com","indices":[0,22]}]},"description":{"urls":[]}},"protected":false,"followers_count":364142,"friends_count":982,"listed_count":7778,"created_at":"Mon Mar 19 13:40:08 +0000 2007","favourites_count":14927,"utc_offset":-14400,"time_zone":"Eastern Time (US & Canada)","geo_enabled":false,"verified":false,"statuses_count":20063,"lang":"en","contributors_enabled":false,"is_translator":false,"profile_background_color":"FFFFFF","profile_background_image_url":"http:\/\/a0.twimg.com\/profile_background_images\/58238631\/swissmiss_twitter_background.png","profile_background_image_url_https":"https:\/\/si0.twimg.com\/profile_background_images\/58238631\/swissmiss_twitter_background.png","profile_background_tile":false,"profile_image_url":"http:\/\/a0.twimg.com\/profile_images\/29450552\/tina_normal.jpg","profile_image_url_https":"https:\/\/si0.twimg.com\/profile_images\/29450552\/tina_normal.jpg","profile_banner_url":"https:\/\/pbs.twimg.com\/profile_banners\/1504011\/1350316409","profile_link_color":"030000","profile_sidebar_border_color":"FFFFFF","profile_sidebar_fill_color":"FFFFFF","profile_text_color":"2F3737","profile_use_background_image":false,"default_profile":false,"default_profile_image":false,"following":null,"follow_request_sent":false,"notifications":null},"geo":null,"coordinates":null,"place":null,"contributors":null,"retweet_count":23,"favorite_count":33,"entities":{"hashtags":[],"symbols":[],"urls":[{"url":"http:\/\/t.co\/H1Ddn6JV","expanded_url":"http:\/\/www.kickstarter.com\/projects\/paulsearle\/the-process-1","display_url":"kickstarter.com\/projects\/pauls\u2026","indices":[116,136]}],"user_mentions":[]},"favorited":false,"retweeted":false,"possibly_sensitive":false,"lang":"en"},"retweet_count":23,"favorite_count":0,"entities":{"hashtags":[],"symbols":[],"urls":[],"user_mentions":[{"screen_name":"swissmiss","name":"Tina Roth Eisenberg","id":1504011,"id_str":"1504011","indices":[3,13]}]},"favorited":false,"retweeted":false,"lang":"en"},{"created_at":"Thu Sep 20 18:50:31 +0000 2012","id":248856682866802688,"id_str":"248856682866802688","text":"RT @zefrank: repost of this in case you didn't see it :: http:\/\/t.co\/sCUXa358 :: 2601 people wrote a song ::  proud of my peeps!","source":"web","truncated":false,"in_reply_to_status_id":null,"in_reply_to_status_id_str":null,"in_reply_to_user_id":null,"in_reply_to_user_id_str":null,"in_reply_to_screen_name":null,"user":{"id":792356948,"id_str":"792356948","name":"Rem Tsoy","screen_name":"remtsoy","location":"","description":"Just another web designer.","url":null,"entities":{"description":{"urls":[]}},"protected":false,"followers_count":20,"friends_count":370,"listed_count":0,"created_at":"Thu Aug 30 20:40:26 +0000 2012","favourites_count":123,"utc_offset":14400,"time_zone":"Moscow","geo_enabled":false,"verified":false,"statuses_count":20,"lang":"ru","contributors_enabled":false,"is_translator":false,"profile_background_color":"C0DEED","profile_background_image_url":"http:\/\/abs.twimg.com\/images\/themes\/theme1\/bg.png","profile_background_image_url_https":"https:\/\/abs.twimg.com\/images\/themes\/theme1\/bg.png","profile_background_tile":false,"profile_image_url":"http:\/\/a0.twimg.com\/profile_images\/2562890171\/siu0xag5llma5invxtws_normal.jpeg","profile_image_url_https":"https:\/\/si0.twimg.com\/profile_images\/2562890171\/siu0xag5llma5invxtws_normal.jpeg","profile_link_color":"0084B4","profile_sidebar_border_color":"C0DEED","profile_sidebar_fill_color":"DDEEF6","profile_text_color":"333333","profile_use_background_image":true,"default_profile":true,"default_profile_image":false,"following":false,"follow_request_sent":false,"notifications":false},"geo":null,"coordinates":null,"place":null,"contributors":null,"retweeted_status":{"created_at":"Thu Sep 20 18:26:03 +0000 2012","id":248850524844220417,"id_str":"248850524844220417","text":"repost of this in case you didn't see it :: http:\/\/t.co\/sCUXa358 :: 2601 people wrote a song ::  proud of my peeps!","source":"web","truncated":false,"in_reply_to_status_id":null,"in_reply_to_status_id_str":null,"in_reply_to_user_id":null,"in_reply_to_user_id_str":null,"in_reply_to_screen_name":null,"user":{"id":11340982,"id_str":"11340982","name":"zefrank","screen_name":"zefrank","location":"los angeles","description":"creator of http:\/\/t.co\/hlJPTM88, colorwars, the show, a show, youngmenowme, and many other online play spaces. EVP of Video at http:\/\/t.co\/eaA6erlm","url":"http:\/\/t.co\/ogl8MJC9nr","entities":{"url":{"urls":[{"url":"http:\/\/t.co\/ogl8MJC9nr","expanded_url":"http:\/\/ashow.zefrank.com","display_url":"ashow.zefrank.com","indices":[0,22]}]},"description":{"urls":[{"url":"http:\/\/t.co\/hlJPTM88","expanded_url":"http:\/\/zefrank.com","display_url":"zefrank.com","indices":[11,31]},{"url":"http:\/\/t.co\/eaA6erlm","expanded_url":"http:\/\/Buzzfeed.com","display_url":"Buzzfeed.com","indices":[127,147]}]}},"protected":false,"followers_count":97379,"friends_count":34658,"listed_count":3689,"created_at":"Wed Dec 19 16:50:48 +0000 2007","favourites_count":194,"utc_offset":-18000,"time_zone":"Central Time (US & Canada)","geo_enabled":false,"verified":false,"statuses_count":2815,"lang":"en","contributors_enabled":false,"is_translator":false,"profile_background_color":"FFFFFF","profile_background_image_url":"http:\/\/a0.twimg.com\/profile_background_images\/560867568\/twitter3.jpg","profile_background_image_url_https":"https:\/\/si0.twimg.com\/profile_background_images\/560867568\/twitter3.jpg","profile_background_tile":false,"profile_image_url":"http:\/\/a0.twimg.com\/profile_images\/2347528606\/8mt9mtn0goaqmz2ijejg_normal.jpeg","profile_image_url_https":"https:\/\/si0.twimg.com\/profile_images\/2347528606\/8mt9mtn0goaqmz2ijejg_normal.jpeg","profile_banner_url":"https:\/\/pbs.twimg.com\/profile_banners\/11340982\/1353170416","profile_link_color":"0084B4","profile_sidebar_border_color":"C0DEED","profile_sidebar_fill_color":"DDEEF6","profile_text_color":"333333","profile_use_background_image":true,"default_profile":false,"default_profile_image":false,"following":null,"follow_request_sent":false,"notifications":null},"geo":null,"coordinates":null,"place":null,"contributors":null,"retweet_count":23,"favorite_count":11,"entities":{"hashtags":[],"symbols":[],"urls":[{"url":"http:\/\/t.co\/sCUXa358","expanded_url":"http:\/\/youtu.be\/ROkrrYYkUhQ","display_url":"youtu.be\/ROkrrYYkUhQ","indices":[44,64]}],"user_mentions":[]},"favorited":false,"retweeted":false,"possibly_sensitive":false,"lang":"en"},"retweet_count":23,"favorite_count":0,"entities":{"hashtags":[],"symbols":[],"urls":[{"url":"http:\/\/t.co\/sCUXa358","expanded_url":"http:\/\/youtu.be\/ROkrrYYkUhQ","display_url":"youtu.be\/ROkrrYYkUhQ","indices":[57,77]}],"user_mentions":[{"screen_name":"zefrank","name":"zefrank","id":11340982,"id_str":"11340982","indices":[3,11]}]},"favorited":false,"retweeted":false,"possibly_sensitive":false,"lang":"en"},{"created_at":"Sun Sep 16 15:40:23 +0000 2012","id":247359284374011904,"id_str":"247359284374011904","text":"RT @Aizlewood: Feeling down or just want to smile? I urge you watch this: http:\/\/t.co\/Tt5LhQhz #whereismatt2012 #fb","source":"web","truncated":false,"in_reply_to_status_id":null,"in_reply_to_status_id_str":null,"in_reply_to_user_id":null,"in_reply_to_user_id_str":null,"in_reply_to_screen_name":null,"user":{"id":792356948,"id_str":"792356948","name":"Rem Tsoy","screen_name":"remtsoy","location":"","description":"Just another web designer.","url":null,"entities":{"description":{"urls":[]}},"protected":false,"followers_count":20,"friends_count":370,"listed_count":0,"created_at":"Thu Aug 30 20:40:26 +0000 2012","favourites_count":123,"utc_offset":14400,"time_zone":"Moscow","geo_enabled":false,"verified":false,"statuses_count":20,"lang":"ru","contributors_enabled":false,"is_translator":false,"profile_background_color":"C0DEED","profile_background_image_url":"http:\/\/abs.twimg.com\/images\/themes\/theme1\/bg.png","profile_background_image_url_https":"https:\/\/abs.twimg.com\/images\/themes\/theme1\/bg.png","profile_background_tile":false,"profile_image_url":"http:\/\/a0.twimg.com\/profile_images\/2562890171\/siu0xag5llma5invxtws_normal.jpeg","profile_image_url_https":"https:\/\/si0.twimg.com\/profile_images\/2562890171\/siu0xag5llma5invxtws_normal.jpeg","profile_link_color":"0084B4","profile_sidebar_border_color":"C0DEED","profile_sidebar_fill_color":"DDEEF6","profile_text_color":"333333","profile_use_background_image":true,"default_profile":true,"default_profile_image":false,"following":false,"follow_request_sent":false,"notifications":false},"geo":null,"coordinates":null,"place":null,"contributors":null,"retweeted_status":{"created_at":"Sun Sep 16 11:07:47 +0000 2012","id":247290681540882435,"id_str":"247290681540882435","text":"Feeling down or just want to smile? I urge you watch this: http:\/\/t.co\/Tt5LhQhz #whereismatt2012 #fb","source":"\u003ca href=\"http:\/\/itunes.apple.com\/us\/app\/twitter\/id409789998?mt=12\" rel=\"nofollow\"\u003eTwitter for Mac\u003c\/a\u003e","truncated":false,"in_reply_to_status_id":null,"in_reply_to_status_id_str":null,"in_reply_to_user_id":null,"in_reply_to_user_id_str":null,"in_reply_to_screen_name":null,"user":{"id":15297037,"id_str":"15297037","name":"Jon Aizlewood","screen_name":"Aizlewood","location":"Brighton & Hove, England","description":"Designer at @Clearleft, @MailChimp expert, Dad of 2, Coffee-lover, Arsenal fan, Brit\/Canadian.","url":"http:\/\/t.co\/1vv3jV6ldo","entities":{"url":{"urls":[{"url":"http:\/\/t.co\/1vv3jV6ldo","expanded_url":"http:\/\/lkd.to\/aizlewood","display_url":"lkd.to\/aizlewood","indices":[0,22]}]},"description":{"urls":[]}},"protected":false,"followers_count":1409,"friends_count":645,"listed_count":67,"created_at":"Wed Jul 02 11:08:32 +0000 2008","favourites_count":642,"utc_offset":3600,"time_zone":"London","geo_enabled":true,"verified":false,"statuses_count":10103,"lang":"en","contributors_enabled":false,"is_translator":false,"profile_background_color":"F07918","profile_background_image_url":"http:\/\/a0.twimg.com\/profile_background_images\/35046947\/582552.png","profile_background_image_url_https":"https:\/\/si0.twimg.com\/profile_background_images\/35046947\/582552.png","profile_background_tile":true,"profile_image_url":"http:\/\/a0.twimg.com\/profile_images\/378800000079565143\/81cb1639e539f8eff87bc61d6779d3c5_normal.jpeg","profile_image_url_https":"https:\/\/si0.twimg.com\/profile_images\/378800000079565143\/81cb1639e539f8eff87bc61d6779d3c5_normal.jpeg","profile_banner_url":"https:\/\/pbs.twimg.com\/profile_banners\/15297037\/1347974569","profile_link_color":"F07918","profile_sidebar_border_color":"5E412F","profile_sidebar_fill_color":"FFFFFF","profile_text_color":"5E412F","profile_use_background_image":true,"default_profile":false,"default_profile_image":false,"following":null,"follow_request_sent":false,"notifications":null},"geo":null,"coordinates":null,"place":null,"contributors":null,"retweet_count":1,"favorite_count":1,"entities":{"hashtags":[{"text":"whereismatt2012","indices":[80,96]},{"text":"fb","indices":[97,100]}],"symbols":[],"urls":[{"url":"http:\/\/t.co\/Tt5LhQhz","expanded_url":"http:\/\/www.youtube.com\/watch?v=Pwe-pA6TaZk","display_url":"youtube.com\/watch?v=Pwe-pA\u2026","indices":[59,79]}],"user_mentions":[]},"favorited":false,"retweeted":false,"possibly_sensitive":false,"lang":"en"},"retweet_count":1,"favorite_count":0,"entities":{"hashtags":[{"text":"whereismatt2012","indices":[95,111]},{"text":"fb","indices":[112,115]}],"symbols":[],"urls":[{"url":"http:\/\/t.co\/Tt5LhQhz","expanded_url":"http:\/\/www.youtube.com\/watch?v=Pwe-pA6TaZk","display_url":"youtube.com\/watch?v=Pwe-pA\u2026","indices":[74,94]}],"user_mentions":[{"screen_name":"Aizlewood","name":"Jon Aizlewood","id":15297037,"id_str":"15297037","indices":[3,13]}]},"favorited":false,"retweeted":false,"possibly_sensitive":false,"lang":"en"},{"created_at":"Sun Sep 16 15:40:05 +0000 2012","id":247359207601471489,"id_str":"247359207601471489","text":"@Aizlewood Great!","source":"web","truncated":false,"in_reply_to_status_id":247290681540882435,"in_reply_to_status_id_str":"247290681540882435","in_reply_to_user_id":15297037,"in_reply_to_user_id_str":"15297037","in_reply_to_screen_name":"Aizlewood","user":{"id":792356948,"id_str":"792356948","name":"Rem Tsoy","screen_name":"remtsoy","location":"","description":"Just another web designer.","url":null,"entities":{"description":{"urls":[]}},"protected":false,"followers_count":20,"friends_count":370,"listed_count":0,"created_at":"Thu Aug 30 20:40:26 +0000 2012","favourites_count":123,"utc_offset":14400,"time_zone":"Moscow","geo_enabled":false,"verified":false,"statuses_count":20,"lang":"ru","contributors_enabled":false,"is_translator":false,"profile_background_color":"C0DEED","profile_background_image_url":"http:\/\/abs.twimg.com\/images\/themes\/theme1\/bg.png","profile_background_image_url_https":"https:\/\/abs.twimg.com\/images\/themes\/theme1\/bg.png","profile_background_tile":false,"profile_image_url":"http:\/\/a0.twimg.com\/profile_images\/2562890171\/siu0xag5llma5invxtws_normal.jpeg","profile_image_url_https":"https:\/\/si0.twimg.com\/profile_images\/2562890171\/siu0xag5llma5invxtws_normal.jpeg","profile_link_color":"0084B4","profile_sidebar_border_color":"C0DEED","profile_sidebar_fill_color":"DDEEF6","profile_text_color":"333333","profile_use_background_image":true,"default_profile":true,"default_profile_image":false,"following":false,"follow_request_sent":false,"notifications":false},"geo":null,"coordinates":null,"place":null,"contributors":null,"retweet_count":0,"favorite_count":0,"entities":{"hashtags":[],"symbols":[],"urls":[],"user_mentions":[{"screen_name":"Aizlewood","name":"Jon Aizlewood","id":15297037,"id_str":"15297037","indices":[0,10]}]},"favorited":false,"retweeted":false,"lang":"en"},{"created_at":"Thu Sep 13 20:48:19 +0000 2012","id":246349611759976448,"id_str":"246349611759976448","text":"RT @jina: Sites that use JS for all links and won't let me open links in new tabs. I HATE YOU.","source":"web","truncated":false,"in_reply_to_status_id":null,"in_reply_to_status_id_str":null,"in_reply_to_user_id":null,"in_reply_to_user_id_str":null,"in_reply_to_screen_name":null,"user":{"id":792356948,"id_str":"792356948","name":"Rem Tsoy","screen_name":"remtsoy","location":"","description":"Just another web designer.","url":null,"entities":{"description":{"urls":[]}},"protected":false,"followers_count":20,"friends_count":370,"listed_count":0,"created_at":"Thu Aug 30 20:40:26 +0000 2012","favourites_count":123,"utc_offset":14400,"time_zone":"Moscow","geo_enabled":false,"verified":false,"statuses_count":20,"lang":"ru","contributors_enabled":false,"is_translator":false,"profile_background_color":"C0DEED","profile_background_image_url":"http:\/\/abs.twimg.com\/images\/themes\/theme1\/bg.png","profile_background_image_url_https":"https:\/\/abs.twimg.com\/images\/themes\/theme1\/bg.png","profile_background_tile":false,"profile_image_url":"http:\/\/a0.twimg.com\/profile_images\/2562890171\/siu0xag5llma5invxtws_normal.jpeg","profile_image_url_https":"https:\/\/si0.twimg.com\/profile_images\/2562890171\/siu0xag5llma5invxtws_normal.jpeg","profile_link_color":"0084B4","profile_sidebar_border_color":"C0DEED","profile_sidebar_fill_color":"DDEEF6","profile_text_color":"333333","profile_use_background_image":true,"default_profile":true,"default_profile_image":false,"following":false,"follow_request_sent":false,"notifications":false},"geo":null,"coordinates":null,"place":null,"contributors":null,"retweeted_status":{"created_at":"Thu Sep 13 19:26:00 +0000 2012","id":246328898403581953,"id_str":"246328898403581953","text":"Sites that use JS for all links and won't let me open links in new tabs. I HATE YOU.","source":"\u003ca href=\"http:\/\/itunes.apple.com\/us\/app\/twitter\/id409789998?mt=12\" rel=\"nofollow\"\u003eTwitter for Mac\u003c\/a\u003e","truncated":false,"in_reply_to_status_id":null,"in_reply_to_status_id_str":null,"in_reply_to_user_id":null,"in_reply_to_user_id_str":null,"in_reply_to_screen_name":null,"user":{"id":8501792,"id_str":"8501792","name":"\u208d\u02c4\u0e38.\u0361\u02f3\u032b.\u02c4\u0e38\u208e","screen_name":"jina","location":"San Francisco, California","description":"Our blades are sharp. A flayed man holds no secrets.","url":"http:\/\/t.co\/IrGIuyhECW","entities":{"url":{"urls":[{"url":"http:\/\/t.co\/IrGIuyhECW","expanded_url":"http:\/\/jina.me","display_url":"jina.me","indices":[0,22]}]},"description":{"urls":[]}},"protected":false,"followers_count":10234,"friends_count":1024,"listed_count":1132,"created_at":"Wed Aug 29 03:14:08 +0000 2007","favourites_count":1438,"utc_offset":-25200,"time_zone":"Pacific Time (US & Canada)","geo_enabled":true,"verified":false,"statuses_count":22704,"lang":"en","contributors_enabled":false,"is_translator":false,"profile_background_color":"222222","profile_background_image_url":"http:\/\/a0.twimg.com\/profile_background_images\/344918034409113617\/4814ea305c8974fee4dc8ce1de1a7c7c.jpeg","profile_background_image_url_https":"https:\/\/si0.twimg.com\/profile_background_images\/344918034409113617\/4814ea305c8974fee4dc8ce1de1a7c7c.jpeg","profile_background_tile":true,"profile_image_url":"http:\/\/a0.twimg.com\/profile_images\/3133216389\/2c283567c6ba501f8780936633f95b45_normal.jpeg","profile_image_url_https":"https:\/\/si0.twimg.com\/profile_images\/3133216389\/2c283567c6ba501f8780936633f95b45_normal.jpeg","profile_banner_url":"https:\/\/pbs.twimg.com\/profile_banners\/8501792\/1374650923","profile_link_color":"222222","profile_sidebar_border_color":"000000","profile_sidebar_fill_color":"CCCCCC","profile_text_color":"666666","profile_use_background_image":false,"default_profile":false,"default_profile_image":false,"following":null,"follow_request_sent":false,"notifications":null},"geo":null,"coordinates":null,"place":null,"contributors":null,"retweet_count":13,"favorite_count":3,"entities":{"hashtags":[],"symbols":[],"urls":[],"user_mentions":[]},"favorited":false,"retweeted":false,"lang":"en"},"retweet_count":13,"favorite_count":0,"entities":{"hashtags":[],"symbols":[],"urls":[],"user_mentions":[{"screen_name":"jina","name":"\u208d\u02c4\u0e38.\u0361\u02f3\u032b.\u02c4\u0e38\u208e","id":8501792,"id_str":"8501792","indices":[3,8]}]},"favorited":false,"retweeted":false,"lang":"en"},{"created_at":"Sun Sep 09 16:54:34 +0000 2012","id":244841239105634304,"id_str":"244841239105634304","text":"RT @ideo: Bill Moggridge 1943-2012. You will be missed by all. http:\/\/t.co\/HsqT9vwj","source":"web","truncated":false,"in_reply_to_status_id":null,"in_reply_to_status_id_str":null,"in_reply_to_user_id":null,"in_reply_to_user_id_str":null,"in_reply_to_screen_name":null,"user":{"id":792356948,"id_str":"792356948","name":"Rem Tsoy","screen_name":"remtsoy","location":"","description":"Just another web designer.","url":null,"entities":{"description":{"urls":[]}},"protected":false,"followers_count":20,"friends_count":370,"listed_count":0,"created_at":"Thu Aug 30 20:40:26 +0000 2012","favourites_count":123,"utc_offset":14400,"time_zone":"Moscow","geo_enabled":false,"verified":false,"statuses_count":20,"lang":"ru","contributors_enabled":false,"is_translator":false,"profile_background_color":"C0DEED","profile_background_image_url":"http:\/\/abs.twimg.com\/images\/themes\/theme1\/bg.png","profile_background_image_url_https":"https:\/\/abs.twimg.com\/images\/themes\/theme1\/bg.png","profile_background_tile":false,"profile_image_url":"http:\/\/a0.twimg.com\/profile_images\/2562890171\/siu0xag5llma5invxtws_normal.jpeg","profile_image_url_https":"https:\/\/si0.twimg.com\/profile_images\/2562890171\/siu0xag5llma5invxtws_normal.jpeg","profile_link_color":"0084B4","profile_sidebar_border_color":"C0DEED","profile_sidebar_fill_color":"DDEEF6","profile_text_color":"333333","profile_use_background_image":true,"default_profile":true,"default_profile_image":false,"following":false,"follow_request_sent":false,"notifications":false},"geo":null,"coordinates":null,"place":null,"contributors":null,"retweeted_status":{"created_at":"Sun Sep 09 16:32:10 +0000 2012","id":244835601847816192,"id_str":"244835601847816192","text":"Bill Moggridge 1943-2012. You will be missed by all. http:\/\/t.co\/HsqT9vwj","source":"web","truncated":false,"in_reply_to_status_id":null,"in_reply_to_status_id_str":null,"in_reply_to_user_id":null,"in_reply_to_user_id_str":null,"in_reply_to_screen_name":null,"user":{"id":23462787,"id_str":"23462787","name":"IDEO","screen_name":"ideo","location":"","description":"We are a global design consultancy. We create impact through design.","url":"http:\/\/t.co\/pbwwgZrwZH","entities":{"url":{"urls":[{"url":"http:\/\/t.co\/pbwwgZrwZH","expanded_url":"http:\/\/www.ideo.com","display_url":"ideo.com","indices":[0,22]}]},"description":{"urls":[]}},"protected":false,"followers_count":121172,"friends_count":1577,"listed_count":5338,"created_at":"Mon Mar 09 17:27:15 +0000 2009","favourites_count":845,"utc_offset":-25200,"time_zone":"Pacific Time (US & Canada)","geo_enabled":false,"verified":true,"statuses_count":1474,"lang":"en","contributors_enabled":false,"is_translator":false,"profile_background_color":"022330","profile_background_image_url":"http:\/\/abs.twimg.com\/images\/themes\/theme15\/bg.png","profile_background_image_url_https":"https:\/\/abs.twimg.com\/images\/themes\/theme15\/bg.png","profile_background_tile":false,"profile_image_url":"http:\/\/a0.twimg.com\/profile_images\/1419209214\/Box_logo_normal.jpg","profile_image_url_https":"https:\/\/si0.twimg.com\/profile_images\/1419209214\/Box_logo_normal.jpg","profile_banner_url":"https:\/\/pbs.twimg.com\/profile_banners\/23462787\/1361896977","profile_link_color":"0084B4","profile_sidebar_border_color":"FFFFFF","profile_sidebar_fill_color":"C0DFEC","profile_text_color":"333333","profile_use_background_image":true,"default_profile":false,"default_profile_image":false,"following":null,"follow_request_sent":false,"notifications":null},"geo":null,"coordinates":null,"place":null,"contributors":null,"retweet_count":430,"favorite_count":47,"entities":{"hashtags":[],"symbols":[],"urls":[{"url":"http:\/\/t.co\/HsqT9vwj","expanded_url":"http:\/\/bit.ly\/TysfEd","display_url":"bit.ly\/TysfEd","indices":[53,73]}],"user_mentions":[]},"favorited":false,"retweeted":false,"possibly_sensitive":false,"lang":"en"},"retweet_count":430,"favorite_count":0,"entities":{"hashtags":[],"symbols":[],"urls":[{"url":"http:\/\/t.co\/HsqT9vwj","expanded_url":"http:\/\/bit.ly\/TysfEd","display_url":"bit.ly\/TysfEd","indices":[63,83]}],"user_mentions":[{"screen_name":"ideo","name":"IDEO","id":23462787,"id_str":"23462787","indices":[3,8]}]},"favorited":false,"retweeted":false,"possibly_sensitive":false,"lang":"en"},{"created_at":"Fri Sep 07 13:51:22 +0000 2012","id":244070358582448128,"id_str":"244070358582448128","text":"RT @leftieFriele: \"only place where success comes before work is in the dictionary\" NY Ink.","source":"web","truncated":false,"in_reply_to_status_id":null,"in_reply_to_status_id_str":null,"in_reply_to_user_id":null,"in_reply_to_user_id_str":null,"in_reply_to_screen_name":null,"user":{"id":792356948,"id_str":"792356948","name":"Rem Tsoy","screen_name":"remtsoy","location":"","description":"Just another web designer.","url":null,"entities":{"description":{"urls":[]}},"protected":false,"followers_count":20,"friends_count":370,"listed_count":0,"created_at":"Thu Aug 30 20:40:26 +0000 2012","favourites_count":123,"utc_offset":14400,"time_zone":"Moscow","geo_enabled":false,"verified":false,"statuses_count":20,"lang":"ru","contributors_enabled":false,"is_translator":false,"profile_background_color":"C0DEED","profile_background_image_url":"http:\/\/abs.twimg.com\/images\/themes\/theme1\/bg.png","profile_background_image_url_https":"https:\/\/abs.twimg.com\/images\/themes\/theme1\/bg.png","profile_background_tile":false,"profile_image_url":"http:\/\/a0.twimg.com\/profile_images\/2562890171\/siu0xag5llma5invxtws_normal.jpeg","profile_image_url_https":"https:\/\/si0.twimg.com\/profile_images\/2562890171\/siu0xag5llma5invxtws_normal.jpeg","profile_link_color":"0084B4","profile_sidebar_border_color":"C0DEED","profile_sidebar_fill_color":"DDEEF6","profile_text_color":"333333","profile_use_background_image":true,"default_profile":true,"default_profile_image":false,"following":false,"follow_request_sent":false,"notifications":false},"geo":null,"coordinates":null,"place":null,"contributors":null,"retweeted_status":{"created_at":"Wed Aug 08 20:11:37 +0000 2012","id":233294415085576192,"id_str":"233294415085576192","text":"\"only place where success comes before work is in the dictionary\" NY Ink.","source":"\u003ca href=\"http:\/\/twitter.com\/download\/iphone\" rel=\"nofollow\"\u003eTwitter for iPhone\u003c\/a\u003e","truncated":false,"in_reply_to_status_id":null,"in_reply_to_status_id_str":null,"in_reply_to_user_id":null,"in_reply_to_user_id_str":null,"in_reply_to_screen_name":null,"user":{"id":5936042,"id_str":"5936042","name":"espen \u2620","screen_name":"leftieFriele","location":"Oslo, Norway","description":"Developer Oslo, Norway. Web Rebels organisor.\r\nWhat ever I tweet here are my personal opinions and do not reflect views of my employer.","url":"http:\/\/t.co\/P7KyQB0UMw","entities":{"url":{"urls":[{"url":"http:\/\/t.co\/P7KyQB0UMw","expanded_url":"http:\/\/about.me\/espend","display_url":"about.me\/espend","indices":[0,22]}]},"description":{"urls":[]}},"protected":false,"followers_count":513,"friends_count":283,"listed_count":12,"created_at":"Thu May 10 17:45:21 +0000 2007","favourites_count":401,"utc_offset":-10800,"time_zone":"Buenos Aires","geo_enabled":true,"verified":false,"statuses_count":5733,"lang":"en","contributors_enabled":false,"is_translator":false,"profile_background_color":"2E242E","profile_background_image_url":"http:\/\/a0.twimg.com\/profile_background_images\/71030790\/IMG_1184_.jpg","profile_background_image_url_https":"https:\/\/si0.twimg.com\/profile_background_images\/71030790\/IMG_1184_.jpg","profile_background_tile":false,"profile_image_url":"http:\/\/a0.twimg.com\/profile_images\/2442772406\/image_normal.jpg","profile_image_url_https":"https:\/\/si0.twimg.com\/profile_images\/2442772406\/image_normal.jpg","profile_banner_url":"https:\/\/pbs.twimg.com\/profile_banners\/5936042\/1362509184","profile_link_color":"B82BA8","profile_sidebar_border_color":"D67ABD","profile_sidebar_fill_color":"8F8787","profile_text_color":"333333","profile_use_background_image":false,"default_profile":false,"default_profile_image":false,"following":null,"follow_request_sent":false,"notifications":null},"geo":null,"coordinates":null,"place":null,"contributors":null,"retweet_count":30,"favorite_count":10,"entities":{"hashtags":[],"symbols":[],"urls":[],"user_mentions":[]},"favorited":false,"retweeted":false,"lang":"en"},"retweet_count":30,"favorite_count":0,"entities":{"hashtags":[],"symbols":[],"urls":[],"user_mentions":[{"screen_name":"leftieFriele","name":"espen \u2620","id":5936042,"id_str":"5936042","indices":[3,16]}]},"favorited":false,"retweeted":false,"lang":"en"},{"created_at":"Sun Sep 02 17:48:53 +0000 2012","id":242318191529971712,"id_str":"242318191529971712","text":"@brainpicker Very Cool. Thank for sharing....","source":"web","truncated":false,"in_reply_to_status_id":242316725415211008,"in_reply_to_status_id_str":"242316725415211008","in_reply_to_user_id":9207632,"in_reply_to_user_id_str":"9207632","in_reply_to_screen_name":"brainpicker","user":{"id":792356948,"id_str":"792356948","name":"Rem Tsoy","screen_name":"remtsoy","location":"","description":"Just another web designer.","url":null,"entities":{"description":{"urls":[]}},"protected":false,"followers_count":20,"friends_count":370,"listed_count":0,"created_at":"Thu Aug 30 20:40:26 +0000 2012","favourites_count":123,"utc_offset":14400,"time_zone":"Moscow","geo_enabled":false,"verified":false,"statuses_count":20,"lang":"ru","contributors_enabled":false,"is_translator":false,"profile_background_color":"C0DEED","profile_background_image_url":"http:\/\/abs.twimg.com\/images\/themes\/theme1\/bg.png","profile_background_image_url_https":"https:\/\/abs.twimg.com\/images\/themes\/theme1\/bg.png","profile_background_tile":false,"profile_image_url":"http:\/\/a0.twimg.com\/profile_images\/2562890171\/siu0xag5llma5invxtws_normal.jpeg","profile_image_url_https":"https:\/\/si0.twimg.com\/profile_images\/2562890171\/siu0xag5llma5invxtws_normal.jpeg","profile_link_color":"0084B4","profile_sidebar_border_color":"C0DEED","profile_sidebar_fill_color":"DDEEF6","profile_text_color":"333333","profile_use_background_image":true,"default_profile":true,"default_profile_image":false,"following":false,"follow_request_sent":false,"notifications":false},"geo":null,"coordinates":null,"place":null,"contributors":null,"retweet_count":0,"favorite_count":0,"entities":{"hashtags":[],"symbols":[],"urls":[],"user_mentions":[{"screen_name":"brainpicker","name":"Maria Popova","id":9207632,"id_str":"9207632","indices":[0,12]}]},"favorited":false,"retweeted":false,"lang":"en"},{"created_at":"Fri Aug 31 16:51:05 +0000 2012","id":241578868673236993,"id_str":"241578868673236993","text":"RT @DalaiLama: We need to understand that material development by itself it doesn\u2019t bring peace of mind. This can only be developed with ...","source":"web","truncated":false,"in_reply_to_status_id":null,"in_reply_to_status_id_str":null,"in_reply_to_user_id":null,"in_reply_to_user_id_str":null,"in_reply_to_screen_name":null,"user":{"id":792356948,"id_str":"792356948","name":"Rem Tsoy","screen_name":"remtsoy","location":"","description":"Just another web designer.","url":null,"entities":{"description":{"urls":[]}},"protected":false,"followers_count":20,"friends_count":370,"listed_count":0,"created_at":"Thu Aug 30 20:40:26 +0000 2012","favourites_count":123,"utc_offset":14400,"time_zone":"Moscow","geo_enabled":false,"verified":false,"statuses_count":20,"lang":"ru","contributors_enabled":false,"is_translator":false,"profile_background_color":"C0DEED","profile_background_image_url":"http:\/\/abs.twimg.com\/images\/themes\/theme1\/bg.png","profile_background_image_url_https":"https:\/\/abs.twimg.com\/images\/themes\/theme1\/bg.png","profile_background_tile":false,"profile_image_url":"http:\/\/a0.twimg.com\/profile_images\/2562890171\/siu0xag5llma5invxtws_normal.jpeg","profile_image_url_https":"https:\/\/si0.twimg.com\/profile_images\/2562890171\/siu0xag5llma5invxtws_normal.jpeg","profile_link_color":"0084B4","profile_sidebar_border_color":"C0DEED","profile_sidebar_fill_color":"DDEEF6","profile_text_color":"333333","profile_use_background_image":true,"default_profile":true,"default_profile_image":false,"following":false,"follow_request_sent":false,"notifications":false},"geo":null,"coordinates":null,"place":null,"contributors":null,"retweeted_status":{"created_at":"Fri Aug 31 09:29:50 +0000 2012","id":241467824072175616,"id_str":"241467824072175616","text":"We need to understand that material development by itself it doesn\u2019t bring peace of mind. This can only be developed within the mind.","source":"web","truncated":false,"in_reply_to_status_id":null,"in_reply_to_status_id_str":null,"in_reply_to_user_id":null,"in_reply_to_user_id_str":null,"in_reply_to_screen_name":null,"user":{"id":20609518,"id_str":"20609518","name":"Dalai Lama","screen_name":"DalaiLama","location":"Dharamsala, India","description":"Welcome to the official twitter page of the Office of His Holiness the 14th Dalai Lama.","url":"http:\/\/t.co\/JbYJdpwdOT","entities":{"url":{"urls":[{"url":"http:\/\/t.co\/JbYJdpwdOT","expanded_url":"http:\/\/dalailama.com","display_url":"dalailama.com","indices":[0,22]}]},"description":{"urls":[]}},"protected":false,"followers_count":7646722,"friends_count":0,"listed_count":77318,"created_at":"Wed Feb 11 18:34:22 +0000 2009","favourites_count":0,"utc_offset":19800,"time_zone":"New Delhi","geo_enabled":false,"verified":true,"statuses_count":938,"lang":"en","contributors_enabled":false,"is_translator":false,"profile_background_color":"FFD21D","profile_background_image_url":"http:\/\/a0.twimg.com\/profile_background_images\/78185270\/hhdl-twitter-bg.jpg","profile_background_image_url_https":"https:\/\/si0.twimg.com\/profile_background_images\/78185270\/hhdl-twitter-bg.jpg","profile_background_tile":false,"profile_image_url":"http:\/\/a0.twimg.com\/profile_images\/711293289\/hhdl-twitter_normal.png","profile_image_url_https":"https:\/\/si0.twimg.com\/profile_images\/711293289\/hhdl-twitter_normal.png","profile_link_color":"7D1900","profile_sidebar_border_color":"E8E3CE","profile_sidebar_fill_color":"F7F2DC","profile_text_color":"000000","profile_use_background_image":true,"default_profile":false,"default_profile_image":false,"following":null,"follow_request_sent":false,"notifications":null},"geo":null,"coordinates":null,"place":null,"contributors":null,"retweet_count":6857,"favorite_count":1588,"entities":{"hashtags":[],"symbols":[],"urls":[],"user_mentions":[]},"favorited":false,"retweeted":false,"lang":"en"},"retweet_count":6857,"favorite_count":0,"entities":{"hashtags":[],"symbols":[],"urls":[],"user_mentions":[{"screen_name":"DalaiLama","name":"Dalai Lama","id":20609518,"id_str":"20609518","indices":[3,13]}]},"favorited":false,"retweeted":false,"lang":"en"},{"created_at":"Thu Aug 30 21:18:19 +0000 2012","id":241283732961640449,"id_str":"241283732961640449","text":"@hakimel @voronianski not bad","source":"web","truncated":false,"in_reply_to_status_id":240905374583123968,"in_reply_to_status_id_str":"240905374583123968","in_reply_to_user_id":73339662,"in_reply_to_user_id_str":"73339662","in_reply_to_screen_name":"hakimel","user":{"id":792356948,"id_str":"792356948","name":"Rem Tsoy","screen_name":"remtsoy","location":"","description":"Just another web designer.","url":null,"entities":{"description":{"urls":[]}},"protected":false,"followers_count":20,"friends_count":370,"listed_count":0,"created_at":"Thu Aug 30 20:40:26 +0000 2012","favourites_count":123,"utc_offset":14400,"time_zone":"Moscow","geo_enabled":false,"verified":false,"statuses_count":20,"lang":"ru","contributors_enabled":false,"is_translator":false,"profile_background_color":"C0DEED","profile_background_image_url":"http:\/\/abs.twimg.com\/images\/themes\/theme1\/bg.png","profile_background_image_url_https":"https:\/\/abs.twimg.com\/images\/themes\/theme1\/bg.png","profile_background_tile":false,"profile_image_url":"http:\/\/a0.twimg.com\/profile_images\/2562890171\/siu0xag5llma5invxtws_normal.jpeg","profile_image_url_https":"https:\/\/si0.twimg.com\/profile_images\/2562890171\/siu0xag5llma5invxtws_normal.jpeg","profile_link_color":"0084B4","profile_sidebar_border_color":"C0DEED","profile_sidebar_fill_color":"DDEEF6","profile_text_color":"333333","profile_use_background_image":true,"default_profile":true,"default_profile_image":false,"following":false,"follow_request_sent":false,"notifications":false},"geo":null,"coordinates":null,"place":null,"contributors":null,"retweet_count":0,"favorite_count":0,"entities":{"hashtags":[],"symbols":[],"urls":[],"user_mentions":[{"screen_name":"hakimel","name":"Hakim El Hattab","id":73339662,"id_str":"73339662","indices":[0,8]},{"screen_name":"voronianski","name":"Dmitri Voronianski","id":250538696,"id_str":"250538696","indices":[9,21]}]},"favorited":false,"retweeted":false,"lang":"en"}]