[{"created_at":"Tue Aug 25 07:11:22 +0000 2015","id":636073366189838337,"id_str":"636073366189838337","text":"Download Now!!!!!! One of The Best Multi-Purpose PSD Template (256 PSD Files) on Themeforest by @tranmautritam http:\/\/t.co\/2uPQKmwnxn","source":"\u003ca href=\"http:\/\/twitter.com\" rel=\"nofollow\"\u003eTwitter Web Client\u003c\/a\u003e","truncated":false,"in_reply_to_status_id":null,"in_reply_to_status_id_str":null,"in_reply_to_user_id":null,"in_reply_to_user_id_str":null,"in_reply_to_screen_name":null,"user":{"id":1937693827,"id_str":"1937693827","name":"kouponize","screen_name":"kouponize","location":"Hyderabad","description":"Kouponize offers completely free localized deals,offers and coupons.","url":"http:\/\/t.co\/uoZeOLZ6WI","entities":{"url":{"urls":[{"url":"http:\/\/t.co\/uoZeOLZ6WI","expanded_url":"http:\/\/www.kouponize.com","display_url":"kouponize.com","indices":[0,22]}]},"description":{"urls":[]}},"protected":false,"followers_count":8,"friends_count":77,"listed_count":0,"created_at":"Sat Oct 05 13:31:20 +0000 2013","favourites_count":0,"utc_offset":null,"time_zone":null,"geo_enabled":false,"verified":false,"statuses_count":12,"lang":"en","contributors_enabled":false,"is_translator":false,"is_translation_enabled":false,"profile_background_color":"FFFFFF","profile_background_image_url":"http:\/\/pbs.twimg.com\/profile_background_images\/378800000171919315\/bXEphOB8.jpeg","profile_background_image_url_https":"https:\/\/pbs.twimg.com\/profile_background_images\/378800000171919315\/bXEphOB8.jpeg","profile_background_tile":true,"profile_image_url":"http:\/\/pbs.twimg.com\/profile_images\/425532919751254016\/RYBEjofX_normal.jpeg","profile_image_url_https":"https:\/\/pbs.twimg.com\/profile_images\/425532919751254016\/RYBEjofX_normal.jpeg","profile_banner_url":"https:\/\/pbs.twimg.com\/profile_banners\/1937693827\/1390289908","profile_link_color":"000000","profile_sidebar_border_color":"FFFFFF","profile_sidebar_fill_color":"DDEEF6","profile_text_color":"333333","profile_use_background_image":true,"has_extended_profile":false,"default_profile":false,"default_profile_image":false,"following":false,"follow_request_sent":false,"notifications":false},"geo":null,"coordinates":null,"place":null,"contributors":null,"is_quote_status":false,"retweet_count":0,"favorite_count":1,"entities":{"hashtags":[],"symbols":[],"user_mentions":[{"screen_name":"tranmautritam","name":"tranmautritam","id":588083665,"id_str":"588083665","indices":[96,110]}],"urls":[{"url":"http:\/\/t.co\/2uPQKmwnxn","expanded_url":"http:\/\/bit.ly\/13uykcn","display_url":"bit.ly\/13uykcn","indices":[111,133]}]},"favorited":false,"retweeted":false,"possibly_sensitive":false,"lang":"en"},{"created_at":"Wed Jul 29 15:56:36 +0000 2015","id":626421073374937090,"id_str":"626421073374937090","text":"Download 120 Free Vector Icons, from the new \"Kameleon\" collection by @webalys http:\/\/t.co\/hKnP9Lychx via @Sellfy","source":"\u003ca href=\"http:\/\/twitter.com\" rel=\"nofollow\"\u003eTwitter Web Client\u003c\/a\u003e","truncated":false,"in_reply_to_status_id":null,"in_reply_to_status_id_str":null,"in_reply_to_user_id":null,"in_reply_to_user_id_str":null,"in_reply_to_screen_name":null,"user":{"id":1937693827,"id_str":"1937693827","name":"kouponize","screen_name":"kouponize","location":"Hyderabad","description":"Kouponize offers completely free localized deals,offers and coupons.","url":"http:\/\/t.co\/uoZeOLZ6WI","entities":{"url":{"urls":[{"url":"http:\/\/t.co\/uoZeOLZ6WI","expanded_url":"http:\/\/www.kouponize.com","display_url":"kouponize.com","indices":[0,22]}]},"description":{"urls":[]}},"protected":false,"followers_count":8,"friends_count":77,"listed_count":0,"created_at":"Sat Oct 05 13:31:20 +0000 2013","favourites_count":0,"utc_offset":null,"time_zone":null,"geo_enabled":false,"verified":false,"statuses_count":12,"lang":"en","contributors_enabled":false,"is_translator":false,"is_translation_enabled":false,"profile_background_color":"FFFFFF","profile_background_image_url":"http:\/\/pbs.twimg.com\/profile_background_images\/378800000171919315\/bXEphOB8.jpeg","profile_background_image_url_https":"https:\/\/pbs.twimg.com\/profile_background_images\/378800000171919315\/bXEphOB8.jpeg","profile_background_tile":true,"profile_image_url":"http:\/\/pbs.twimg.com\/profile_images\/425532919751254016\/RYBEjofX_normal.jpeg","profile_image_url_https":"https:\/\/pbs.twimg.com\/profile_images\/425532919751254016\/RYBEjofX_normal.jpeg","profile_banner_url":"https:\/\/pbs.twimg.com\/profile_banners\/1937693827\/1390289908","profile_link_color":"000000","profile_sidebar_border_color":"FFFFFF","profile_sidebar_fill_color":"DDEEF6","profile_text_color":"333333","profile_use_background_image":true,"has_extended_profile":false,"default_profile":false,"default_profile_image":false,"following":false,"follow_request_sent":false,"notifications":false},"geo":null,"coordinates":null,"place":null,"contributors":null,"is_quote_status":false,"retweet_count":0,"favorite_count":0,"entities":{"hashtags":[],"symbols":[],"user_mentions":[{"screen_name":"webalys","name":"Vincent Le Moign","id":149365844,"id_str":"149365844","indices":[70,78]},{"screen_name":"Sellfy","name":"Sellfy","id":274544433,"id_str":"274544433","indices":[106,113]}],"urls":[{"url":"http:\/\/t.co\/hKnP9Lychx","expanded_url":"http:\/\/slfy.co\/Q71Y","display_url":"slfy.co\/Q71Y","indices":[79,101]}]},"favorited":false,"retweeted":false,"possibly_sensitive":false,"lang":"en"},{"created_at":"Sat Jan 25 10:27:32 +0000 2014","id":427024930220146688,"id_str":"427024930220146688","text":"And #SirJadeja does it. It is as simple as that. http:\/\/t.co\/m9b3PNT4HL","source":"\u003ca href=\"http:\/\/twitter.com\" rel=\"nofollow\"\u003eTwitter Web Client\u003c\/a\u003e","truncated":false,"in_reply_to_status_id":null,"in_reply_to_status_id_str":null,"in_reply_to_user_id":null,"in_reply_to_user_id_str":null,"in_reply_to_screen_name":null,"user":{"id":1937693827,"id_str":"1937693827","name":"kouponize","screen_name":"kouponize","location":"Hyderabad","description":"Kouponize offers completely free localized deals,offers and coupons.","url":"http:\/\/t.co\/uoZeOLZ6WI","entities":{"url":{"urls":[{"url":"http:\/\/t.co\/uoZeOLZ6WI","expanded_url":"http:\/\/www.kouponize.com","display_url":"kouponize.com","indices":[0,22]}]},"description":{"urls":[]}},"protected":false,"followers_count":8,"friends_count":77,"listed_count":0,"created_at":"Sat Oct 05 13:31:20 +0000 2013","favourites_count":0,"utc_offset":null,"time_zone":null,"geo_enabled":false,"verified":false,"statuses_count":12,"lang":"en","contributors_enabled":false,"is_translator":false,"is_translation_enabled":false,"profile_background_color":"FFFFFF","profile_background_image_url":"http:\/\/pbs.twimg.com\/profile_background_images\/378800000171919315\/bXEphOB8.jpeg","profile_background_image_url_https":"https:\/\/pbs.twimg.com\/profile_background_images\/378800000171919315\/bXEphOB8.jpeg","profile_background_tile":true,"profile_image_url":"http:\/\/pbs.twimg.com\/profile_images\/425532919751254016\/RYBEjofX_normal.jpeg","profile_image_url_https":"https:\/\/pbs.twimg.com\/profile_images\/425532919751254016\/RYBEjofX_normal.jpeg","profile_banner_url":"https:\/\/pbs.twimg.com\/profile_banners\/1937693827\/1390289908","profile_link_color":"000000","profile_sidebar_border_color":"FFFFFF","profile_sidebar_fill_color":"DDEEF6","profile_text_color":"333333","profile_use_background_image":true,"has_extended_profile":false,"default_profile":false,"default_profile_image":false,"following":false,"follow_request_sent":false,"notifications":false},"geo":null,"coordinates":null,"place":null,"contributors":null,"is_quote_status":false,"retweet_count":0,"favorite_count":0,"entities":{"hashtags":[{"text":"SirJadeja","indices":[4,14]}],"symbols":[],"user_mentions":[],"urls":[],"media":[{"id":427024930228535296,"id_str":"427024930228535296","indices":[49,71],"media_url":"http:\/\/pbs.twimg.com\/media\/Be0Y6VyCAAAAZtQ.jpg","media_url_https":"https:\/\/pbs.twimg.com\/media\/Be0Y6VyCAAAAZtQ.jpg","url":"http:\/\/t.co\/m9b3PNT4HL","display_url":"pic.twitter.com\/m9b3PNT4HL","expanded_url":"http:\/\/twitter.com\/kouponize\/status\/427024930220146688\/photo\/1","type":"photo","sizes":{"small":{"w":340,"h":120,"resize":"fit"},"thumb":{"w":150,"h":150,"resize":"crop"},"medium":{"w":600,"h":211,"resize":"fit"},"large":{"w":1024,"h":361,"resize":"fit"}}}]},"extended_entities":{"media":[{"id":427024930228535296,"id_str":"427024930228535296","indices":[49,71],"media_url":"http:\/\/pbs.twimg.com\/media\/Be0Y6VyCAAAAZtQ.jpg","media_url_https":"https:\/\/pbs.twimg.com\/media\/Be0Y6VyCAAAAZtQ.jpg","url":"http:\/\/t.co\/m9b3PNT4HL","display_url":"pic.twitter.com\/m9b3PNT4HL","expanded_url":"http:\/\/twitter.com\/kouponize\/status\/427024930220146688\/photo\/1","type":"photo","sizes":{"small":{"w":340,"h":120,"resize":"fit"},"thumb":{"w":150,"h":150,"resize":"crop"},"medium":{"w":600,"h":211,"resize":"fit"},"large":{"w":1024,"h":361,"resize":"fit"}}}]},"favorited":false,"retweeted":false,"possibly_sensitive":false,"lang":"en"},{"created_at":"Thu Jan 23 13:41:51 +0000 2014","id":426349057846423552,"id_str":"426349057846423552","text":"Providing the best #Deals &amp; #Offers at all times.","source":"\u003ca href=\"http:\/\/twitter.com\" rel=\"nofollow\"\u003eTwitter Web Client\u003c\/a\u003e","truncated":false,"in_reply_to_status_id":null,"in_reply_to_status_id_str":null,"in_reply_to_user_id":null,"in_reply_to_user_id_str":null,"in_reply_to_screen_name":null,"user":{"id":1937693827,"id_str":"1937693827","name":"kouponize","screen_name":"kouponize","location":"Hyderabad","description":"Kouponize offers completely free localized deals,offers and coupons.","url":"http:\/\/t.co\/uoZeOLZ6WI","entities":{"url":{"urls":[{"url":"http:\/\/t.co\/uoZeOLZ6WI","expanded_url":"http:\/\/www.kouponize.com","display_url":"kouponize.com","indices":[0,22]}]},"description":{"urls":[]}},"protected":false,"followers_count":8,"friends_count":77,"listed_count":0,"created_at":"Sat Oct 05 13:31:20 +0000 2013","favourites_count":0,"utc_offset":null,"time_zone":null,"geo_enabled":false,"verified":false,"statuses_count":12,"lang":"en","contributors_enabled":false,"is_translator":false,"is_translation_enabled":false,"profile_background_color":"FFFFFF","profile_background_image_url":"http:\/\/pbs.twimg.com\/profile_background_images\/378800000171919315\/bXEphOB8.jpeg","profile_background_image_url_https":"https:\/\/pbs.twimg.com\/profile_background_images\/378800000171919315\/bXEphOB8.jpeg","profile_background_tile":true,"profile_image_url":"http:\/\/pbs.twimg.com\/profile_images\/425532919751254016\/RYBEjofX_normal.jpeg","profile_image_url_https":"https:\/\/pbs.twimg.com\/profile_images\/425532919751254016\/RYBEjofX_normal.jpeg","profile_banner_url":"https:\/\/pbs.twimg.com\/profile_banners\/1937693827\/1390289908","profile_link_color":"000000","profile_sidebar_border_color":"FFFFFF","profile_sidebar_fill_color":"DDEEF6","profile_text_color":"333333","profile_use_background_image":true,"has_extended_profile":false,"default_profile":false,"default_profile_image":false,"following":false,"follow_request_sent":false,"notifications":false},"geo":null,"coordinates":null,"place":null,"contributors":null,"is_quote_status":false,"retweet_count":0,"favorite_count":0,"entities":{"hashtags":[{"text":"Deals","indices":[19,25]},{"text":"Offers","indices":[32,39]}],"symbols":[],"user_mentions":[],"urls":[]},"favorited":false,"retweeted":false,"lang":"en"},{"created_at":"Wed Jan 22 14:49:51 +0000 2014","id":426003784410480640,"id_str":"426003784410480640","text":"And Eat 3 signed up with us today! Amazing offers are coming up soon! Stay tuned!","source":"\u003ca href=\"http:\/\/twitter.com\" rel=\"nofollow\"\u003eTwitter Web Client\u003c\/a\u003e","truncated":false,"in_reply_to_status_id":null,"in_reply_to_status_id_str":null,"in_reply_to_user_id":null,"in_reply_to_user_id_str":null,"in_reply_to_screen_name":null,"user":{"id":1937693827,"id_str":"1937693827","name":"kouponize","screen_name":"kouponize","location":"Hyderabad","description":"Kouponize offers completely free localized deals,offers and coupons.","url":"http:\/\/t.co\/uoZeOLZ6WI","entities":{"url":{"urls":[{"url":"http:\/\/t.co\/uoZeOLZ6WI","expanded_url":"http:\/\/www.kouponize.com","display_url":"kouponize.com","indices":[0,22]}]},"description":{"urls":[]}},"protected":false,"followers_count":8,"friends_count":77,"listed_count":0,"created_at":"Sat Oct 05 13:31:20 +0000 2013","favourites_count":0,"utc_offset":null,"time_zone":null,"geo_enabled":false,"verified":false,"statuses_count":12,"lang":"en","contributors_enabled":false,"is_translator":false,"is_translation_enabled":false,"profile_background_color":"FFFFFF","profile_background_image_url":"http:\/\/pbs.twimg.com\/profile_background_images\/378800000171919315\/bXEphOB8.jpeg","profile_background_image_url_https":"https:\/\/pbs.twimg.com\/profile_background_images\/378800000171919315\/bXEphOB8.jpeg","profile_background_tile":true,"profile_image_url":"http:\/\/pbs.twimg.com\/profile_images\/425532919751254016\/RYBEjofX_normal.jpeg","profile_image_url_https":"https:\/\/pbs.twimg.com\/profile_images\/425532919751254016\/RYBEjofX_normal.jpeg","profile_banner_url":"https:\/\/pbs.twimg.com\/profile_banners\/1937693827\/1390289908","profile_link_color":"000000","profile_sidebar_border_color":"FFFFFF","profile_sidebar_fill_color":"DDEEF6","profile_text_color":"333333","profile_use_background_image":true,"has_extended_profile":false,"default_profile":false,"default_profile_image":false,"following":false,"follow_request_sent":false,"notifications":false},"geo":null,"coordinates":null,"place":null,"contributors":null,"is_quote_status":false,"retweet_count":0,"favorite_count":0,"entities":{"hashtags":[],"symbols":[],"user_mentions":[],"urls":[]},"favorited":false,"retweeted":false,"lang":"en"},{"created_at":"Tue Jan 21 10:56:17 +0000 2014","id":425582615395975168,"id_str":"425582615395975168","text":"@FbWaleDudeBaba thank you for following us. Stay tuned to http:\/\/t.co\/uoZeOLZ6WI to see #ThingsILikeAboutIndia","source":"\u003ca href=\"http:\/\/twitter.com\" rel=\"nofollow\"\u003eTwitter Web Client\u003c\/a\u003e","truncated":false,"in_reply_to_status_id":null,"in_reply_to_status_id_str":null,"in_reply_to_user_id":17686171,"in_reply_to_user_id_str":"17686171","in_reply_to_screen_name":"FBwaleDB","user":{"id":1937693827,"id_str":"1937693827","name":"kouponize","screen_name":"kouponize","location":"Hyderabad","description":"Kouponize offers completely free localized deals,offers and coupons.","url":"http:\/\/t.co\/uoZeOLZ6WI","entities":{"url":{"urls":[{"url":"http:\/\/t.co\/uoZeOLZ6WI","expanded_url":"http:\/\/www.kouponize.com","display_url":"kouponize.com","indices":[0,22]}]},"description":{"urls":[]}},"protected":false,"followers_count":8,"friends_count":77,"listed_count":0,"created_at":"Sat Oct 05 13:31:20 +0000 2013","favourites_count":0,"utc_offset":null,"time_zone":null,"geo_enabled":false,"verified":false,"statuses_count":12,"lang":"en","contributors_enabled":false,"is_translator":false,"is_translation_enabled":false,"profile_background_color":"FFFFFF","profile_background_image_url":"http:\/\/pbs.twimg.com\/profile_background_images\/378800000171919315\/bXEphOB8.jpeg","profile_background_image_url_https":"https:\/\/pbs.twimg.com\/profile_background_images\/378800000171919315\/bXEphOB8.jpeg","profile_background_tile":true,"profile_image_url":"http:\/\/pbs.twimg.com\/profile_images\/425532919751254016\/RYBEjofX_normal.jpeg","profile_image_url_https":"https:\/\/pbs.twimg.com\/profile_images\/425532919751254016\/RYBEjofX_normal.jpeg","profile_banner_url":"https:\/\/pbs.twimg.com\/profile_banners\/1937693827\/1390289908","profile_link_color":"000000","profile_sidebar_border_color":"FFFFFF","profile_sidebar_fill_color":"DDEEF6","profile_text_color":"333333","profile_use_background_image":true,"has_extended_profile":false,"default_profile":false,"default_profile_image":false,"following":false,"follow_request_sent":false,"notifications":false},"geo":null,"coordinates":null,"place":null,"contributors":null,"is_quote_status":false,"retweet_count":0,"favorite_count":1,"entities":{"hashtags":[{"text":"ThingsILikeAboutIndia","indices":[88,110]}],"symbols":[],"user_mentions":[],"urls":[{"url":"http:\/\/t.co\/uoZeOLZ6WI","expanded_url":"http:\/\/www.kouponize.com","display_url":"kouponize.com","indices":[58,80]}]},"favorited":false,"retweeted":false,"possibly_sensitive":false,"lang":"en"},{"created_at":"Tue Jan 21 09:46:54 +0000 2014","id":425565154932039680,"id_str":"425565154932039680","text":"RedFox Hyderabad is a part of our family.","source":"\u003ca href=\"http:\/\/twitter.com\" rel=\"nofollow\"\u003eTwitter Web Client\u003c\/a\u003e","truncated":false,"in_reply_to_status_id":null,"in_reply_to_status_id_str":null,"in_reply_to_user_id":null,"in_reply_to_user_id_str":null,"in_reply_to_screen_name":null,"user":{"id":1937693827,"id_str":"1937693827","name":"kouponize","screen_name":"kouponize","location":"Hyderabad","description":"Kouponize offers completely free localized deals,offers and coupons.","url":"http:\/\/t.co\/uoZeOLZ6WI","entities":{"url":{"urls":[{"url":"http:\/\/t.co\/uoZeOLZ6WI","expanded_url":"http:\/\/www.kouponize.com","display_url":"kouponize.com","indices":[0,22]}]},"description":{"urls":[]}},"protected":false,"followers_count":8,"friends_count":77,"listed_count":0,"created_at":"Sat Oct 05 13:31:20 +0000 2013","favourites_count":0,"utc_offset":null,"time_zone":null,"geo_enabled":false,"verified":false,"statuses_count":12,"lang":"en","contributors_enabled":false,"is_translator":false,"is_translation_enabled":false,"profile_background_color":"FFFFFF","profile_background_image_url":"http:\/\/pbs.twimg.com\/profile_background_images\/378800000171919315\/bXEphOB8.jpeg","profile_background_image_url_https":"https:\/\/pbs.twimg.com\/profile_background_images\/378800000171919315\/bXEphOB8.jpeg","profile_background_tile":true,"profile_image_url":"http:\/\/pbs.twimg.com\/profile_images\/425532919751254016\/RYBEjofX_normal.jpeg","profile_image_url_https":"https:\/\/pbs.twimg.com\/profile_images\/425532919751254016\/RYBEjofX_normal.jpeg","profile_banner_url":"https:\/\/pbs.twimg.com\/profile_banners\/1937693827\/1390289908","profile_link_color":"000000","profile_sidebar_border_color":"FFFFFF","profile_sidebar_fill_color":"DDEEF6","profile_text_color":"333333","profile_use_background_image":true,"has_extended_profile":false,"default_profile":false,"default_profile_image":false,"following":false,"follow_request_sent":false,"notifications":false},"geo":null,"coordinates":null,"place":null,"contributors":null,"is_quote_status":false,"retweet_count":0,"favorite_count":0,"entities":{"hashtags":[],"symbols":[],"user_mentions":[],"urls":[]},"favorited":false,"retweeted":false,"lang":"en"},{"created_at":"Tue Jan 21 06:07:40 +0000 2014","id":425509982465830912,"id_str":"425509982465830912","text":"@rkf_rumana Everyone loves @kouponize ! :D","source":"\u003ca href=\"http:\/\/twitter.com\" rel=\"nofollow\"\u003eTwitter Web Client\u003c\/a\u003e","truncated":false,"in_reply_to_status_id":374578672931713024,"in_reply_to_status_id_str":"374578672931713024","in_reply_to_user_id":1364578411,"in_reply_to_user_id_str":"1364578411","in_reply_to_screen_name":"rkf_rumana","user":{"id":1937693827,"id_str":"1937693827","name":"kouponize","screen_name":"kouponize","location":"Hyderabad","description":"Kouponize offers completely free localized deals,offers and coupons.","url":"http:\/\/t.co\/uoZeOLZ6WI","entities":{"url":{"urls":[{"url":"http:\/\/t.co\/uoZeOLZ6WI","expanded_url":"http:\/\/www.kouponize.com","display_url":"kouponize.com","indices":[0,22]}]},"description":{"urls":[]}},"protected":false,"followers_count":8,"friends_count":77,"listed_count":0,"created_at":"Sat Oct 05 13:31:20 +0000 2013","favourites_count":0,"utc_offset":null,"time_zone":null,"geo_enabled":false,"verified":false,"statuses_count":12,"lang":"en","contributors_enabled":false,"is_translator":false,"is_translation_enabled":false,"profile_background_color":"FFFFFF","profile_background_image_url":"http:\/\/pbs.twimg.com\/profile_background_images\/378800000171919315\/bXEphOB8.jpeg","profile_background_image_url_https":"https:\/\/pbs.twimg.com\/profile_background_images\/378800000171919315\/bXEphOB8.jpeg","profile_background_tile":true,"profile_image_url":"http:\/\/pbs.twimg.com\/profile_images\/425532919751254016\/RYBEjofX_normal.jpeg","profile_image_url_https":"https:\/\/pbs.twimg.com\/profile_images\/425532919751254016\/RYBEjofX_normal.jpeg","profile_banner_url":"https:\/\/pbs.twimg.com\/profile_banners\/1937693827\/1390289908","profile_link_color":"000000","profile_sidebar_border_color":"FFFFFF","profile_sidebar_fill_color":"DDEEF6","profile_text_color":"333333","profile_use_background_image":true,"has_extended_profile":false,"default_profile":false,"default_profile_image":false,"following":false,"follow_request_sent":false,"notifications":false},"geo":null,"coordinates":null,"place":null,"contributors":null,"is_quote_status":false,"retweet_count":0,"favorite_count":0,"entities":{"hashtags":[],"symbols":[],"user_mentions":[{"screen_name":"rkf_rumana","name":"LADY SID","id":1364578411,"id_str":"1364578411","indices":[0,11]},{"screen_name":"kouponize","name":"kouponize","id":1937693827,"id_str":"1937693827","indices":[27,37]}],"urls":[]},"favorited":false,"retweeted":false,"lang":"en"},{"created_at":"Tue Jan 21 05:44:01 +0000 2014","id":425504033642536961,"id_str":"425504033642536961","text":"#WeWantFirstLookOfHOLIDAY all in @kouponize . Check it out.","source":"\u003ca href=\"http:\/\/twitter.com\" rel=\"nofollow\"\u003eTwitter Web Client\u003c\/a\u003e","truncated":false,"in_reply_to_status_id":null,"in_reply_to_status_id_str":null,"in_reply_to_user_id":null,"in_reply_to_user_id_str":null,"in_reply_to_screen_name":null,"user":{"id":1937693827,"id_str":"1937693827","name":"kouponize","screen_name":"kouponize","location":"Hyderabad","description":"Kouponize offers completely free localized deals,offers and coupons.","url":"http:\/\/t.co\/uoZeOLZ6WI","entities":{"url":{"urls":[{"url":"http:\/\/t.co\/uoZeOLZ6WI","expanded_url":"http:\/\/www.kouponize.com","display_url":"kouponize.com","indices":[0,22]}]},"description":{"urls":[]}},"protected":false,"followers_count":8,"friends_count":77,"listed_count":0,"created_at":"Sat Oct 05 13:31:20 +0000 2013","favourites_count":0,"utc_offset":null,"time_zone":null,"geo_enabled":false,"verified":false,"statuses_count":12,"lang":"en","contributors_enabled":false,"is_translator":false,"is_translation_enabled":false,"profile_background_color":"FFFFFF","profile_background_image_url":"http:\/\/pbs.twimg.com\/profile_background_images\/378800000171919315\/bXEphOB8.jpeg","profile_background_image_url_https":"https:\/\/pbs.twimg.com\/profile_background_images\/378800000171919315\/bXEphOB8.jpeg","profile_background_tile":true,"profile_image_url":"http:\/\/pbs.twimg.com\/profile_images\/425532919751254016\/RYBEjofX_normal.jpeg","profile_image_url_https":"https:\/\/pbs.twimg.com\/profile_images\/425532919751254016\/RYBEjofX_normal.jpeg","profile_banner_url":"https:\/\/pbs.twimg.com\/profile_banners\/1937693827\/1390289908","profile_link_color":"000000","profile_sidebar_border_color":"FFFFFF","profile_sidebar_fill_color":"DDEEF6","profile_text_color":"333333","profile_use_background_image":true,"has_extended_profile":false,"default_profile":false,"default_profile_image":false,"following":false,"follow_request_sent":false,"notifications":false},"geo":null,"coordinates":null,"place":null,"contributors":null,"is_quote_status":false,"retweet_count":0,"favorite_count":0,"entities":{"hashtags":[{"text":"WeWantFirstLookOfHOLIDAY","indices":[0,25]}],"symbols":[],"user_mentions":[{"screen_name":"kouponize","name":"kouponize","id":1937693827,"id_str":"1937693827","indices":[33,43]}],"urls":[]},"favorited":false,"retweeted":false,"lang":"en"},{"created_at":"Tue Jan 21 05:42:47 +0000 2014","id":425503722471313408,"id_str":"425503722471313408","text":"Guess who all are on board! Lemon Tree Hotels","source":"\u003ca href=\"http:\/\/twitter.com\" rel=\"nofollow\"\u003eTwitter Web Client\u003c\/a\u003e","truncated":false,"in_reply_to_status_id":null,"in_reply_to_status_id_str":null,"in_reply_to_user_id":null,"in_reply_to_user_id_str":null,"in_reply_to_screen_name":null,"user":{"id":1937693827,"id_str":"1937693827","name":"kouponize","screen_name":"kouponize","location":"Hyderabad","description":"Kouponize offers completely free localized deals,offers and coupons.","url":"http:\/\/t.co\/uoZeOLZ6WI","entities":{"url":{"urls":[{"url":"http:\/\/t.co\/uoZeOLZ6WI","expanded_url":"http:\/\/www.kouponize.com","display_url":"kouponize.com","indices":[0,22]}]},"description":{"urls":[]}},"protected":false,"followers_count":8,"friends_count":77,"listed_count":0,"created_at":"Sat Oct 05 13:31:20 +0000 2013","favourites_count":0,"utc_offset":null,"time_zone":null,"geo_enabled":false,"verified":false,"statuses_count":12,"lang":"en","contributors_enabled":false,"is_translator":false,"is_translation_enabled":false,"profile_background_color":"FFFFFF","profile_background_image_url":"http:\/\/pbs.twimg.com\/profile_background_images\/378800000171919315\/bXEphOB8.jpeg","profile_background_image_url_https":"https:\/\/pbs.twimg.com\/profile_background_images\/378800000171919315\/bXEphOB8.jpeg","profile_background_tile":true,"profile_image_url":"http:\/\/pbs.twimg.com\/profile_images\/425532919751254016\/RYBEjofX_normal.jpeg","profile_image_url_https":"https:\/\/pbs.twimg.com\/profile_images\/425532919751254016\/RYBEjofX_normal.jpeg","profile_banner_url":"https:\/\/pbs.twimg.com\/profile_banners\/1937693827\/1390289908","profile_link_color":"000000","profile_sidebar_border_color":"FFFFFF","profile_sidebar_fill_color":"DDEEF6","profile_text_color":"333333","profile_use_background_image":true,"has_extended_profile":false,"default_profile":false,"default_profile_image":false,"following":false,"follow_request_sent":false,"notifications":false},"geo":null,"coordinates":null,"place":null,"contributors":null,"is_quote_status":false,"retweet_count":0,"favorite_count":0,"entities":{"hashtags":[],"symbols":[],"user_mentions":[],"urls":[]},"favorited":false,"retweeted":false,"lang":"en"},{"created_at":"Tue Dec 17 13:03:57 +0000 2013","id":412931169294876673,"id_str":"412931169294876673","text":"#Life with Kouponize! #MyChristmasWish #WhenIWas8 http:\/\/t.co\/Eeq66XxOjX","source":"\u003ca href=\"http:\/\/twitter.com\" rel=\"nofollow\"\u003eTwitter Web Client\u003c\/a\u003e","truncated":false,"in_reply_to_status_id":null,"in_reply_to_status_id_str":null,"in_reply_to_user_id":null,"in_reply_to_user_id_str":null,"in_reply_to_screen_name":null,"user":{"id":1937693827,"id_str":"1937693827","name":"kouponize","screen_name":"kouponize","location":"Hyderabad","description":"Kouponize offers completely free localized deals,offers and coupons.","url":"http:\/\/t.co\/uoZeOLZ6WI","entities":{"url":{"urls":[{"url":"http:\/\/t.co\/uoZeOLZ6WI","expanded_url":"http:\/\/www.kouponize.com","display_url":"kouponize.com","indices":[0,22]}]},"description":{"urls":[]}},"protected":false,"followers_count":8,"friends_count":77,"listed_count":0,"created_at":"Sat Oct 05 13:31:20 +0000 2013","favourites_count":0,"utc_offset":null,"time_zone":null,"geo_enabled":false,"verified":false,"statuses_count":12,"lang":"en","contributors_enabled":false,"is_translator":false,"is_translation_enabled":false,"profile_background_color":"FFFFFF","profile_background_image_url":"http:\/\/pbs.twimg.com\/profile_background_images\/378800000171919315\/bXEphOB8.jpeg","profile_background_image_url_https":"https:\/\/pbs.twimg.com\/profile_background_images\/378800000171919315\/bXEphOB8.jpeg","profile_background_tile":true,"profile_image_url":"http:\/\/pbs.twimg.com\/profile_images\/425532919751254016\/RYBEjofX_normal.jpeg","profile_image_url_https":"https:\/\/pbs.twimg.com\/profile_images\/425532919751254016\/RYBEjofX_normal.jpeg","profile_banner_url":"https:\/\/pbs.twimg.com\/profile_banners\/1937693827\/1390289908","profile_link_color":"000000","profile_sidebar_border_color":"FFFFFF","profile_sidebar_fill_color":"DDEEF6","profile_text_color":"333333","profile_use_background_image":true,"has_extended_profile":false,"default_profile":false,"default_profile_image":false,"following":false,"follow_request_sent":false,"notifications":false},"geo":null,"coordinates":null,"place":null,"contributors":null,"is_quote_status":false,"retweet_count":0,"favorite_count":0,"entities":{"hashtags":[{"text":"Life","indices":[0,5]},{"text":"MyChristmasWish","indices":[22,38]},{"text":"WhenIWas8","indices":[39,49]}],"symbols":[],"user_mentions":[],"urls":[],"media":[{"id":412931169307459584,"id_str":"412931169307459584","indices":[50,72],"media_url":"http:\/\/pbs.twimg.com\/media\/BbsGte9CAAAHuTe.jpg","media_url_https":"https:\/\/pbs.twimg.com\/media\/BbsGte9CAAAHuTe.jpg","url":"http:\/\/t.co\/Eeq66XxOjX","display_url":"pic.twitter.com\/Eeq66XxOjX","expanded_url":"http:\/\/twitter.com\/kouponize\/status\/412931169294876673\/photo\/1","type":"photo","sizes":{"large":{"w":1024,"h":724,"resize":"fit"},"thumb":{"w":150,"h":150,"resize":"crop"},"small":{"w":340,"h":240,"resize":"fit"},"medium":{"w":600,"h":424,"resize":"fit"}}}]},"extended_entities":{"media":[{"id":412931169307459584,"id_str":"412931169307459584","indices":[50,72],"media_url":"http:\/\/pbs.twimg.com\/media\/BbsGte9CAAAHuTe.jpg","media_url_https":"https:\/\/pbs.twimg.com\/media\/BbsGte9CAAAHuTe.jpg","url":"http:\/\/t.co\/Eeq66XxOjX","display_url":"pic.twitter.com\/Eeq66XxOjX","expanded_url":"http:\/\/twitter.com\/kouponize\/status\/412931169294876673\/photo\/1","type":"photo","sizes":{"large":{"w":1024,"h":724,"resize":"fit"},"thumb":{"w":150,"h":150,"resize":"crop"},"small":{"w":340,"h":240,"resize":"fit"},"medium":{"w":600,"h":424,"resize":"fit"}}}]},"favorited":false,"retweeted":false,"possibly_sensitive":false,"lang":"en"},{"created_at":"Wed Nov 27 13:23:19 +0000 2013","id":405688288347815936,"id_str":"405688288347815936","text":"Look out #Hyderabad for #Kouponize (http:\/\/t.co\/uoZeOLZ6WI)","source":"\u003ca href=\"http:\/\/twitter.com\" rel=\"nofollow\"\u003eTwitter Web Client\u003c\/a\u003e","truncated":false,"in_reply_to_status_id":null,"in_reply_to_status_id_str":null,"in_reply_to_user_id":null,"in_reply_to_user_id_str":null,"in_reply_to_screen_name":null,"user":{"id":1937693827,"id_str":"1937693827","name":"kouponize","screen_name":"kouponize","location":"Hyderabad","description":"Kouponize offers completely free localized deals,offers and coupons.","url":"http:\/\/t.co\/uoZeOLZ6WI","entities":{"url":{"urls":[{"url":"http:\/\/t.co\/uoZeOLZ6WI","expanded_url":"http:\/\/www.kouponize.com","display_url":"kouponize.com","indices":[0,22]}]},"description":{"urls":[]}},"protected":false,"followers_count":8,"friends_count":77,"listed_count":0,"created_at":"Sat Oct 05 13:31:20 +0000 2013","favourites_count":0,"utc_offset":null,"time_zone":null,"geo_enabled":false,"verified":false,"statuses_count":12,"lang":"en","contributors_enabled":false,"is_translator":false,"is_translation_enabled":false,"profile_background_color":"FFFFFF","profile_background_image_url":"http:\/\/pbs.twimg.com\/profile_background_images\/378800000171919315\/bXEphOB8.jpeg","profile_background_image_url_https":"https:\/\/pbs.twimg.com\/profile_background_images\/378800000171919315\/bXEphOB8.jpeg","profile_background_tile":true,"profile_image_url":"http:\/\/pbs.twimg.com\/profile_images\/425532919751254016\/RYBEjofX_normal.jpeg","profile_image_url_https":"https:\/\/pbs.twimg.com\/profile_images\/425532919751254016\/RYBEjofX_normal.jpeg","profile_banner_url":"https:\/\/pbs.twimg.com\/profile_banners\/1937693827\/1390289908","profile_link_color":"000000","profile_sidebar_border_color":"FFFFFF","profile_sidebar_fill_color":"DDEEF6","profile_text_color":"333333","profile_use_background_image":true,"has_extended_profile":false,"default_profile":false,"default_profile_image":false,"following":false,"follow_request_sent":false,"notifications":false},"geo":null,"coordinates":null,"place":null,"contributors":null,"is_quote_status":false,"retweet_count":0,"favorite_count":0,"entities":{"hashtags":[{"text":"Hyderabad","indices":[9,19]},{"text":"Kouponize","indices":[24,34]}],"symbols":[],"user_mentions":[],"urls":[{"url":"http:\/\/t.co\/uoZeOLZ6WI","expanded_url":"http:\/\/www.kouponize.com","display_url":"kouponize.com","indices":[36,58]}]},"favorited":false,"retweeted":false,"possibly_sensitive":false,"lang":"en"}]