[{"created_at":"Thu Aug 29 20:36:57 +0000 2013","id":373182504070836224,"id_str":"373182504070836224","text":"@devriesedennis You sure can :) Thanks! ^TK","source":"\u003ca href=\"http:\/\/www.hootsuite.com\" rel=\"nofollow\"\u003eHootSuite\u003c\/a\u003e","truncated":false,"in_reply_to_status_id":373091976754630656,"in_reply_to_status_id_str":"373091976754630656","in_reply_to_user_id":358075336,"in_reply_to_user_id_str":"358075336","in_reply_to_screen_name":"DevrieseDennis","user":{"id":16582191,"id_str":"16582191","name":"Envato","screen_name":"envato","location":"Melbourne","description":"We help people learn and earn online through our network of sites.","url":"http:\/\/t.co\/CN9Yc7uqnJ","entities":{"url":{"urls":[{"url":"http:\/\/t.co\/CN9Yc7uqnJ","expanded_url":"http:\/\/envato.com","display_url":"envato.com","indices":[0,22]}]},"description":{"urls":[]}},"protected":false,"followers_count":32384,"friends_count":307,"listed_count":1460,"created_at":"Fri Oct 03 19:11:51 +0000 2008","favourites_count":28,"utc_offset":36000,"time_zone":"Melbourne","geo_enabled":false,"verified":false,"statuses_count":4580,"lang":"en","contributors_enabled":false,"is_translator":false,"profile_background_color":"323435","profile_background_image_url":"http:\/\/a0.twimg.com\/profile_background_images\/378800000036129044\/4aaf87e960f30537daa1a0a0c3c4fc31.jpeg","profile_background_image_url_https":"https:\/\/si0.twimg.com\/profile_background_images\/378800000036129044\/4aaf87e960f30537daa1a0a0c3c4fc31.jpeg","profile_background_tile":false,"profile_image_url":"http:\/\/a0.twimg.com\/profile_images\/344513261572266825\/1316a31c9c4481517fbb3fca65e96f3d_normal.png","profile_image_url_https":"https:\/\/si0.twimg.com\/profile_images\/344513261572266825\/1316a31c9c4481517fbb3fca65e96f3d_normal.png","profile_banner_url":"https:\/\/pbs.twimg.com\/profile_banners\/16582191\/1370393135","profile_link_color":"83B449","profile_sidebar_border_color":"FFFFFF","profile_sidebar_fill_color":"6C9450","profile_text_color":"242424","profile_use_background_image":true,"default_profile":false,"default_profile_image":false,"following":null,"follow_request_sent":false,"notifications":null},"geo":null,"coordinates":null,"place":null,"contributors":null,"retweet_count":0,"favorite_count":0,"entities":{"hashtags":[],"symbols":[],"urls":[],"user_mentions":[{"screen_name":"DevrieseDennis","name":"Devriese Dennis","id":358075336,"id_str":"358075336","indices":[0,15]}]},"favorited":false,"retweeted":false,"lang":"en"},{"created_at":"Thu Aug 29 15:09:40 +0000 2013","id":373100141873729536,"id_str":"373100141873729536","text":"@DevrieseDennis Hey, you'd have to ask the Author of that item. Thanks! ^TC","source":"\u003ca href=\"http:\/\/www.hootsuite.com\" rel=\"nofollow\"\u003eHootSuite\u003c\/a\u003e","truncated":false,"in_reply_to_status_id":373091976754630656,"in_reply_to_status_id_str":"373091976754630656","in_reply_to_user_id":358075336,"in_reply_to_user_id_str":"358075336","in_reply_to_screen_name":"DevrieseDennis","user":{"id":16582191,"id_str":"16582191","name":"Envato","screen_name":"envato","location":"Melbourne","description":"We help people learn and earn online through our network of sites.","url":"http:\/\/t.co\/CN9Yc7uqnJ","entities":{"url":{"urls":[{"url":"http:\/\/t.co\/CN9Yc7uqnJ","expanded_url":"http:\/\/envato.com","display_url":"envato.com","indices":[0,22]}]},"description":{"urls":[]}},"protected":false,"followers_count":32384,"friends_count":307,"listed_count":1460,"created_at":"Fri Oct 03 19:11:51 +0000 2008","favourites_count":28,"utc_offset":36000,"time_zone":"Melbourne","geo_enabled":false,"verified":false,"statuses_count":4580,"lang":"en","contributors_enabled":false,"is_translator":false,"profile_background_color":"323435","profile_background_image_url":"http:\/\/a0.twimg.com\/profile_background_images\/378800000036129044\/4aaf87e960f30537daa1a0a0c3c4fc31.jpeg","profile_background_image_url_https":"https:\/\/si0.twimg.com\/profile_background_images\/378800000036129044\/4aaf87e960f30537daa1a0a0c3c4fc31.jpeg","profile_background_tile":false,"profile_image_url":"http:\/\/a0.twimg.com\/profile_images\/344513261572266825\/1316a31c9c4481517fbb3fca65e96f3d_normal.png","profile_image_url_https":"https:\/\/si0.twimg.com\/profile_images\/344513261572266825\/1316a31c9c4481517fbb3fca65e96f3d_normal.png","profile_banner_url":"https:\/\/pbs.twimg.com\/profile_banners\/16582191\/1370393135","profile_link_color":"83B449","profile_sidebar_border_color":"FFFFFF","profile_sidebar_fill_color":"6C9450","profile_text_color":"242424","profile_use_background_image":true,"default_profile":false,"default_profile_image":false,"following":null,"follow_request_sent":false,"notifications":null},"geo":null,"coordinates":null,"place":null,"contributors":null,"retweet_count":0,"favorite_count":0,"entities":{"hashtags":[],"symbols":[],"urls":[],"user_mentions":[{"screen_name":"DevrieseDennis","name":"Devriese Dennis","id":358075336,"id_str":"358075336","indices":[0,15]}]},"favorited":false,"retweeted":false,"lang":"en"},{"created_at":"Thu Aug 29 11:28:28 +0000 2013","id":373044476954296320,"id_str":"373044476954296320","text":"RT @madlep: Ruby on Rails, still scaling at Envato after all these years http:\/\/t.co\/cmfJTvSiNy by @veztek from @envato","source":"\u003ca href=\"http:\/\/www.hootsuite.com\" rel=\"nofollow\"\u003eHootSuite\u003c\/a\u003e","truncated":false,"in_reply_to_status_id":null,"in_reply_to_status_id_str":null,"in_reply_to_user_id":null,"in_reply_to_user_id_str":null,"in_reply_to_screen_name":null,"user":{"id":16582191,"id_str":"16582191","name":"Envato","screen_name":"envato","location":"Melbourne","description":"We help people learn and earn online through our network of sites.","url":"http:\/\/t.co\/CN9Yc7uqnJ","entities":{"url":{"urls":[{"url":"http:\/\/t.co\/CN9Yc7uqnJ","expanded_url":"http:\/\/envato.com","display_url":"envato.com","indices":[0,22]}]},"description":{"urls":[]}},"protected":false,"followers_count":32384,"friends_count":307,"listed_count":1460,"created_at":"Fri Oct 03 19:11:51 +0000 2008","favourites_count":28,"utc_offset":36000,"time_zone":"Melbourne","geo_enabled":false,"verified":false,"statuses_count":4580,"lang":"en","contributors_enabled":false,"is_translator":false,"profile_background_color":"323435","profile_background_image_url":"http:\/\/a0.twimg.com\/profile_background_images\/378800000036129044\/4aaf87e960f30537daa1a0a0c3c4fc31.jpeg","profile_background_image_url_https":"https:\/\/si0.twimg.com\/profile_background_images\/378800000036129044\/4aaf87e960f30537daa1a0a0c3c4fc31.jpeg","profile_background_tile":false,"profile_image_url":"http:\/\/a0.twimg.com\/profile_images\/344513261572266825\/1316a31c9c4481517fbb3fca65e96f3d_normal.png","profile_image_url_https":"https:\/\/si0.twimg.com\/profile_images\/344513261572266825\/1316a31c9c4481517fbb3fca65e96f3d_normal.png","profile_banner_url":"https:\/\/pbs.twimg.com\/profile_banners\/16582191\/1370393135","profile_link_color":"83B449","profile_sidebar_border_color":"FFFFFF","profile_sidebar_fill_color":"6C9450","profile_text_color":"242424","profile_use_background_image":true,"default_profile":false,"default_profile_image":false,"following":null,"follow_request_sent":false,"notifications":null},"geo":null,"coordinates":null,"place":null,"contributors":null,"retweeted_status":{"created_at":"Thu Aug 29 11:08:16 +0000 2013","id":373039393776234496,"id_str":"373039393776234496","text":"Ruby on Rails, still scaling at Envato after all these years http:\/\/t.co\/cmfJTvSiNy by @veztek from @envato","source":"\u003ca href=\"http:\/\/tapbots.com\/tweetbot\" rel=\"nofollow\"\u003eTweetbot for iOS\u003c\/a\u003e","truncated":false,"in_reply_to_status_id":null,"in_reply_to_status_id_str":null,"in_reply_to_user_id":null,"in_reply_to_user_id_str":null,"in_reply_to_screen_name":null,"user":{"id":14099018,"id_str":"14099018","name":"Julian Doherty","screen_name":"madlep","location":"Melbourne, Australia","description":"Kiwi code monkey at @envato. Ruby, Elixir, Erlang, Haskell, Javascript, CoffeeScript, NoSQL, Java, C, whatever.","url":"http:\/\/t.co\/tyyC4HyfEh","entities":{"url":{"urls":[{"url":"http:\/\/t.co\/tyyC4HyfEh","expanded_url":"http:\/\/madlep.com","display_url":"madlep.com","indices":[0,22]}]},"description":{"urls":[]}},"protected":false,"followers_count":725,"friends_count":300,"listed_count":43,"created_at":"Sat Mar 08 04:51:29 +0000 2008","favourites_count":1,"utc_offset":36000,"time_zone":"Melbourne","geo_enabled":true,"verified":false,"statuses_count":7632,"lang":"en","contributors_enabled":false,"is_translator":false,"profile_background_color":"1A1B1F","profile_background_image_url":"http:\/\/a0.twimg.com\/profile_background_images\/35741332\/Dustbowl__Midday_by_exeHL.jpg","profile_background_image_url_https":"https:\/\/si0.twimg.com\/profile_background_images\/35741332\/Dustbowl__Midday_by_exeHL.jpg","profile_background_tile":false,"profile_image_url":"http:\/\/a0.twimg.com\/profile_images\/586825486\/madlep_avatar_original_normal.png","profile_image_url_https":"https:\/\/si0.twimg.com\/profile_images\/586825486\/madlep_avatar_original_normal.png","profile_banner_url":"https:\/\/pbs.twimg.com\/profile_banners\/14099018\/1360209240","profile_link_color":"2FC2EF","profile_sidebar_border_color":"181A1E","profile_sidebar_fill_color":"252429","profile_text_color":"666666","profile_use_background_image":false,"default_profile":false,"default_profile_image":false,"following":null,"follow_request_sent":false,"notifications":null},"geo":null,"coordinates":null,"place":null,"contributors":null,"retweet_count":12,"favorite_count":5,"entities":{"hashtags":[],"symbols":[],"urls":[{"url":"http:\/\/t.co\/cmfJTvSiNy","expanded_url":"http:\/\/webuild.envato.com\/blog\/rails-still-scaling-at-envato\/","display_url":"webuild.envato.com\/blog\/rails-sti\u2026","indices":[61,83]}],"user_mentions":[{"screen_name":"veztek","name":"John Viner","id":67283129,"id_str":"67283129","indices":[87,94]},{"screen_name":"envato","name":"Envato","id":16582191,"id_str":"16582191","indices":[100,107]}]},"favorited":false,"retweeted":false,"possibly_sensitive":false,"lang":"en"},"retweet_count":12,"favorite_count":0,"entities":{"hashtags":[],"symbols":[],"urls":[{"url":"http:\/\/t.co\/cmfJTvSiNy","expanded_url":"http:\/\/webuild.envato.com\/blog\/rails-still-scaling-at-envato\/","display_url":"webuild.envato.com\/blog\/rails-sti\u2026","indices":[73,95]}],"user_mentions":[{"screen_name":"madlep","name":"Julian Doherty","id":14099018,"id_str":"14099018","indices":[3,10]},{"screen_name":"veztek","name":"John Viner","id":67283129,"id_str":"67283129","indices":[99,106]},{"screen_name":"envato","name":"Envato","id":16582191,"id_str":"16582191","indices":[112,119]}]},"favorited":false,"retweeted":false,"possibly_sensitive":false,"lang":"en"}]